,CARRIER,CARRIER_NAME,MANUFACTURE_YEAR,OPERATING_STATUS,MANUFACTURER,MODEL,CAPACITY_IN_POUNDS,NO. AIRCRAFTS
0,AA,American Airlines Inc.,1997,Y,AIRBUS,A320-232,38500,1
1,AA,American Airlines Inc.,1998,Y,AIRBUS,A319-112,35000,6
2,AA,American Airlines Inc.,1998,Y,AIRBUS,A319-132,36700,3
3,AA,American Airlines Inc.,1998,Y,AIRBUS,A320-214,37200,1
4,AA,American Airlines Inc.,1998,Y,AIRBUS,A320-232,38500,3
5,AA,American Airlines Inc.,1999,Y,AIRBUS,A319-112,35000,15
6,AA,American Airlines Inc.,1999,Y,AIRBUS,A319-132,36700,7
7,AA,American Airlines Inc.,1999,Y,AIRBUS,A320-214,37200,10
8,AA,American Airlines Inc.,1999,Y,AIRBUS,A320-232,38500,7
9,AA,American Airlines Inc.,1999,Y,BOEING,B737-823,40800,24
10,AA,American Airlines Inc.,1999,Y,BOEING,B777-200,108500,11
11,AA,American Airlines Inc.,2000,Y,AIRBUS,A319-112,35000,33
12,AA,American Airlines Inc.,2000,Y,AIRBUS,A319-132,36700,11
13,AA,American Airlines Inc.,2000,Y,AIRBUS,A320-214,37200,7
14,AA,American Airlines Inc.,2000,Y,AIRBUS,A320-232,38500,5
15,AA,American Airlines Inc.,2000,Y,BOEING,B737-823,40800,27
16,AA,American Airlines Inc.,2000,Y,BOEING,B777-200,108500,15
17,AA,American Airlines Inc.,2000,Y,BOEING,B777-223ER,108500,1
18,AA,American Airlines Inc.,2001,Y,AIRBUS,A319-132,36700,10
19,AA,American Airlines Inc.,2001,Y,AIRBUS,A320-232,38500,3
20,AA,American Airlines Inc.,2001,Y,AIRBUS,A321-211,51000,23
21,AA,American Airlines Inc.,2001,Y,BOEING,B737-823,40800,25
22,AA,American Airlines Inc.,2001,Y,BOEING,B777-200,108500,13
23,AA,American Airlines Inc.,2002,Y,AIRBUS,A319-132,36700,1
24,AA,American Airlines Inc.,2002,Y,AIRBUS,A320-232,38500,3
25,AA,American Airlines Inc.,2002,Y,AIRBUS,A321-211,51000,5
26,AA,American Airlines Inc.,2002,Y,BOEING,B777-200,108500,1
27,AA,American Airlines Inc.,2002,Y,BOEING,B777-223ER,108500,2
28,AA,American Airlines Inc.,2003,Y,AIRBUS,A319-112,36700,4
29,AA,American Airlines Inc.,2003,Y,AIRBUS,A320-232,38500,1
30,AA,American Airlines Inc.,2003,Y,BOEING,B777-200,108500,2
31,AA,American Airlines Inc.,2004,Y,AIRBUS,A319-112,36700,2
32,AA,American Airlines Inc.,2004,Y,AIRBUS,A319-132,36700,1
33,AA,American Airlines Inc.,2004,Y,AIRBUS,A320-232,38500,1
34,AA,American Airlines Inc.,2005,Y,AIRBUS,A319-132,36700,4
35,AA,American Airlines Inc.,2005,Y,AIRBUS,A320-232,38500,2
36,AA,American Airlines Inc.,2006,Y,AIRBUS,A319-112,36700,1
37,AA,American Airlines Inc.,2006,Y,AIRBUS,A319-132,36700,2
38,AA,American Airlines Inc.,2006,Y,BOEING,B777-200,108500,2
39,AA,American Airlines Inc.,2008,Y,AIRBUS,A321-211,51000,3
40,AA,American Airlines Inc.,2008,Y,AIRBUS,A321-231,52200,2
41,AA,American Airlines Inc.,2009,Y,AIRBUS,A319-112,36700,1
42,AA,American Airlines Inc.,2009,Y,AIRBUS,A320-214,37200,2
43,AA,American Airlines Inc.,2009,Y,AIRBUS,A321-211,51000,2
44,AA,American Airlines Inc.,2009,Y,AIRBUS,A321-231,52200,16
45,AA,American Airlines Inc.,2009,Y,BOEING,B737-823,40800,31
46,AA,American Airlines Inc.,2010,Y,AIRBUS,A320-214,37200,2
47,AA,American Airlines Inc.,2010,Y,BOEING,B737-823,40800,45
48,AA,American Airlines Inc.,2011,Y,AIRBUS,A321-231,52200,12
49,AA,American Airlines Inc.,2011,Y,BOEING,B737-823,40800,16
50,AA,American Airlines Inc.,2012,Y,AIRBUS,A321-231,52200,12
51,AA,American Airlines Inc.,2012,Y,BOEING,B737-823,40800,27
52,AA,American Airlines Inc.,2012,Y,BOEING,B777-300,108500,2
53,AA,American Airlines Inc.,2013,Y,AIRBUS,A319-115,35600,15
54,AA,American Airlines Inc.,2013,Y,AIRBUS,A321-211,51000,10
55,AA,American Airlines Inc.,2013,Y,AIRBUS,A321-231,47200,5
56,AA,American Airlines Inc.,2013,Y,AIRBUS,A321-231,52200,6
57,AA,American Airlines Inc.,2013,Y,BOEING,B737-823,40800,31
58,AA,American Airlines Inc.,2013,Y,BOEING,B777-300,108500,8
59,AA,American Airlines Inc.,2014,Y,AIRBUS,A319-115,35600,10
60,AA,American Airlines Inc.,2014,Y,AIRBUS,A321-231,47200,24
61,AA,American Airlines Inc.,2014,Y,AIRBUS,A321-231,52100,1
62,AA,American Airlines Inc.,2014,Y,AIRBUS,A321-231,52300,17
63,AA,American Airlines Inc.,2014,Y,BOEING,B737-823,40800,20
64,AA,American Airlines Inc.,2014,Y,BOEING,B777-300,108500,6
65,AA,American Airlines Inc.,2015,Y,AIRBUS,A319-115,35600,7
66,AA,American Airlines Inc.,2015,Y,AIRBUS,A321-231,47200,23
67,AA,American Airlines Inc.,2015,Y,AIRBUS,A321-231,52300,12
68,AA,American Airlines Inc.,2015,Y,BOEING,B737-823,40800,18
69,AA,American Airlines Inc.,2015,Y,BOEING,B777-300,108500,2
70,AA,American Airlines Inc.,2015,Y,BOEING,B787-8,84600,13
71,AA,American Airlines Inc.,2016,Y,AIRBUS,A321-231,47200,14
72,AA,American Airlines Inc.,2016,Y,AIRBUS,A321-231,52200,11
73,AA,American Airlines Inc.,2016,Y,BOEING,B737-823,40800,20
74,AA,American Airlines Inc.,2016,Y,BOEING,B777-300,108500,2
75,AA,American Airlines Inc.,2016,Y,BOEING,B787-8,84600,4
76,AA,American Airlines Inc.,2016,Y,BOEING,B787-9,84600,4
77,AA,American Airlines Inc.,2017,Y,AIRBUS,A321-231,40800,8
78,AA,American Airlines Inc.,2017,Y,AIRBUS,A321-231,52200,2
79,AA,American Airlines Inc.,2017,Y,AIRBUS,A321-231,52300,10
80,AA,American Airlines Inc.,2017,Y,BOEING,B737-800MAX,42900,4
81,AA,American Airlines Inc.,2017,Y,BOEING,B737-823,40800,20
82,AA,American Airlines Inc.,2017,Y,BOEING,B787-8,84600,3
83,AA,American Airlines Inc.,2017,Y,BOEING,B787-9,84600,10
84,AA,American Airlines Inc.,2018,Y,BOEING,B737-800MAX,42900,16
85,AA,American Airlines Inc.,2018,Y,BOEING,B787-9,84600,6
86,AA,American Airlines Inc.,2019,Y,AIRBUS,A321-253NX,52200,12
87,AA,American Airlines Inc.,2019,Y,BOEING,B737-800MAX,42900,6
88,AA,American Airlines Inc.,2019,Y,BOEING,B787-9,84600,2
89,AA,American Airlines Inc.,2020,Y,AIRBUS,A321-253NX,52200,16
90,AA,American Airlines Inc.,2020,Y,BOEING,B737-800MAX,42900,8
91,AA,American Airlines Inc.,2020,Y,BOEING,B787-8,84600,3
92,AS,Alaska Airlines Inc.,1999,Y,BOEING,B737-790ALLPAX,34900,1
93,AS,Alaska Airlines Inc.,1999,Y,BOEING,B737-790ALLPAX,35500,1
94,AS,Alaska Airlines Inc.,1999,Y,BOEING,B737-790ALLPAX,35600,2
95,AS,Alaska Airlines Inc.,1999,Y,BOEING,B737-790ALLPAX,35700,2
96,AS,Alaska Airlines Inc.,2000,Y,BOEING,B737-790ALLPAX,35500,1
97,AS,Alaska Airlines Inc.,2000,Y,BOEING,B737-790ALLPAX,35600,1
98,AS,Alaska Airlines Inc.,2000,Y,BOEING,B737-790ALLPAX,35700,1
99,AS,Alaska Airlines Inc.,2000,Y,BOEING,B737-790ALLPAX,36300,1
100,AS,Alaska Airlines Inc.,2001,Y,BOEING,B737-790ALLPAX,35500,3
101,AS,Alaska Airlines Inc.,2001,Y,BOEING,B737-990ALLPAX,42800,2
102,AS,Alaska Airlines Inc.,2001,Y,BOEING,B737-990ALLPAX,42881,1
103,AS,Alaska Airlines Inc.,2001,Y,BOEING,B737-990ALLPAX,43100,1
104,AS,Alaska Airlines Inc.,2001,Y,BOEING,B737-990ALLPAX,43400,1
105,AS,Alaska Airlines Inc.,2002,Y,BOEING,B737-990ALLPAX,43400,1
106,AS,Alaska Airlines Inc.,2003,Y,BOEING,B737-790ALLPAX,35700,1
107,AS,Alaska Airlines Inc.,2003,Y,BOEING,B737-990ALLPAX,42981,1
108,AS,Alaska Airlines Inc.,2003,Y,BOEING,B737-990ALLPAX,42982,1
109,AS,Alaska Airlines Inc.,2003,Y,BOEING,B737-990ALLPAX,43400,3
110,AS,Alaska Airlines Inc.,2004,Y,BOEING,B737-990ALLPAX,43400,1
111,AS,Alaska Airlines Inc.,2005,Y,BOEING,B737-890ALLPAX,42380,3
112,AS,Alaska Airlines Inc.,2006,Y,BOEING,B737-890ALLPAX,42380,12
113,AS,Alaska Airlines Inc.,2007,Y,BOEING,B737-890ALLPAX,42380,15
114,AS,Alaska Airlines Inc.,2008,Y,BOEING,B737-890ALLPAX,42380,13
115,AS,Alaska Airlines Inc.,2009,Y,BOEING,B737-890ALLPAX,42380,8
116,AS,Alaska Airlines Inc.,2010,Y,AIRBUS,A320,37189,2
117,AS,Alaska Airlines Inc.,2010,Y,BOEING,B737-890ALLPAX,42380,4
118,AS,Alaska Airlines Inc.,2011,Y,AIRBUS,A320,37189,12
119,AS,Alaska Airlines Inc.,2011,Y,BOEING,B737-890ALLPAX,42380,3
120,AS,Alaska Airlines Inc.,2012,Y,AIRBUS,A320,37189,6
121,AS,Alaska Airlines Inc.,2012,Y,BOEING,B737-890ALLPAX,42380,3
122,AS,Alaska Airlines Inc.,2012,Y,BOEING,B737-990ERALLPAX,52100,4
123,AS,Alaska Airlines Inc.,2013,Y,AIRBUS,A320,37189,1
124,AS,Alaska Airlines Inc.,2013,Y,BOEING,B737-990ERALLPAX,52100,9
125,AS,Alaska Airlines Inc.,2014,Y,BOEING,B737-990ERALLPAX,52100,10
126,AS,Alaska Airlines Inc.,2015,Y,BOEING,B737-990ERALLPAX,52100,11
127,AS,Alaska Airlines Inc.,2016,Y,BOEING,B737-990ERALLPAX,52100,19
128,AS,Alaska Airlines Inc.,2017,Y,AIRBUS,A321Neo,50369,4
129,AS,Alaska Airlines Inc.,2017,Y,BOEING,B737-990ERALLPAX,52100,14
130,AS,Alaska Airlines Inc.,2018,Y,AIRBUS,A321Neo,50369,4
131,AS,Alaska Airlines Inc.,2018,Y,BOEING,B737-990ERALLPAX,52100,8
132,AS,Alaska Airlines Inc.,2019,Y,AIRBUS,A321Neo,50369,2
133,AS,Alaska Airlines Inc.,2019,Y,BOEING,B737-990ERALLPAX,52100,4
134,B6,JetBlue Airways,1999,Y,AIRBUS,A320-232,37400,2
135,B6,JetBlue Airways,2000,Y,AIRBUS,A320-232,37400,8
136,B6,JetBlue Airways,2001,Y,AIRBUS,A320-232,37400,9
137,B6,JetBlue Airways,2002,Y,AIRBUS,A320-232,37400,8
138,B6,JetBlue Airways,2003,Y,AIRBUS,A320-232,37400,14
139,B6,JetBlue Airways,2004,Y,AIRBUS,A320-232,37400,16
140,B6,JetBlue Airways,2005,Y,AIRBUS,A320-232,37400,16
141,B6,JetBlue Airways,2005,Y,EMBRAER,E190-100,26200,8
142,B6,JetBlue Airways,2006,Y,AIRBUS,A320-232,37400,16
143,B6,JetBlue Airways,2006,Y,EMBRAER,E190-100,26200,15
144,B6,JetBlue Airways,2007,Y,AIRBUS,A320-232,37400,12
145,B6,JetBlue Airways,2007,Y,EMBRAER,E190-100,26200,7
146,B6,JetBlue Airways,2008,Y,AIRBUS,A320-232,38400,12
147,B6,JetBlue Airways,2008,Y,EMBRAER,E190-100,26200,4
148,B6,JetBlue Airways,2009,Y,AIRBUS,A320-232,38400,3
149,B6,JetBlue Airways,2009,Y,EMBRAER,E190-100,26200,6
150,B6,JetBlue Airways,2010,Y,EMBRAER,E190-100,26200,4
151,B6,JetBlue Airways,2011,Y,AIRBUS,A320-232,38300,4
152,B6,JetBlue Airways,2011,Y,EMBRAER,E190-100,25200,6
153,B6,JetBlue Airways,2012,Y,AIRBUS,A320-232,37400,7
154,B6,JetBlue Airways,2012,Y,EMBRAER,E190-100,25200,3
155,B6,JetBlue Airways,2013,Y,AIRBUS,A320-232,37400,3
156,B6,JetBlue Airways,2013,Y,AIRBUS,A321-231,43400,4
157,B6,JetBlue Airways,2013,Y,EMBRAER,E190-100,25200,7
158,B6,JetBlue Airways,2014,Y,AIRBUS,A321-231,43400,9
159,B6,JetBlue Airways,2015,Y,AIRBUS,A321-231,43400,12
160,B6,JetBlue Airways,2016,Y,AIRBUS,A321-231,43400,12
161,B6,JetBlue Airways,2017,Y,AIRBUS,A321-231,43400,16
162,B6,JetBlue Airways,2018,Y,AIRBUS,A321-231,43400,10
163,B6,JetBlue Airways,2019,Y,AIRBUS,A321-271NX,43400,6
164,B6,JetBlue Airways,2020,Y,AIRBUS,A220-300,0,1
165,B6,JetBlue Airways,2020,Y,AIRBUS,A321-271NX,43400,7
166,DL,Delta Air Lines Inc.,1990,Y,AIRBUS,A320-211-PSGR,36652,2
167,DL,Delta Air Lines Inc.,1990,Y,BOEING,757-232-PSGR,50500,3
168,DL,Delta Air Lines Inc.,1991,Y,AIRBUS,A320-211-PSGR,36652,3
169,DL,Delta Air Lines Inc.,1991,Y,BOEING,757-232-PSGR,49900,1
170,DL,Delta Air Lines Inc.,1991,Y,BOEING,757-232-PSGR,50500,3
171,DL,Delta Air Lines Inc.,1992,Y,AIRBUS,A320-211-PSGR,36652,3
172,DL,Delta Air Lines Inc.,1992,Y,AIRBUS,A320-212-PSGR,36952,11
173,DL,Delta Air Lines Inc.,1992,Y,BOEING,757-232-PSGR,49900,8
174,DL,Delta Air Lines Inc.,1992,Y,BOEING,757-232-PSGR,50500,2
175,DL,Delta Air Lines Inc.,1992,Y,BOEING,767-332ER-PSGR,76340,3
176,DL,Delta Air Lines Inc.,1993,Y,AIRBUS,A320-212-PSGR,36952,5
177,DL,Delta Air Lines Inc.,1993,Y,BOEING,757-232-PSGR,49900,1
178,DL,Delta Air Lines Inc.,1993,Y,BOEING,757-232-PSGR,50500,3
179,DL,Delta Air Lines Inc.,1993,Y,BOEING,757-2Q8-PSGR,49400,1
180,DL,Delta Air Lines Inc.,1993,Y,BOEING,767-332ER-PSGR,76340,1
181,DL,Delta Air Lines Inc.,1995,Y,BOEING,757-232-PSGR,50500,2
182,DL,Delta Air Lines Inc.,1995,Y,BOEING,757-251-PSGR,49900,2
183,DL,Delta Air Lines Inc.,1995,Y,BOEING,767-332ER-PSGR,76340,1
184,DL,Delta Air Lines Inc.,1996,Y,BOEING,757-251-PSGR,49900,13
185,DL,Delta Air Lines Inc.,1996,Y,BOEING,757-2Q8-PSGR,49400,2
186,DL,Delta Air Lines Inc.,1996,Y,BOEING,767-332ER-PSGR,76340,2
187,DL,Delta Air Lines Inc.,1997,Y,AIRBUS,A320-212-PSGR,36952,1
188,DL,Delta Air Lines Inc.,1997,Y,BOEING,757-231-PSGR,49400,2
189,DL,Delta Air Lines Inc.,1997,Y,BOEING,757-26D-PSGR,50500,1
190,DL,Delta Air Lines Inc.,1997,Y,BOEING,757-2Q8-PSGR,49400,7
191,DL,Delta Air Lines Inc.,1997,Y,BOEING,767-332ER-PSGR,76340,9
192,DL,Delta Air Lines Inc.,1998,Y,AIRBUS,A320-212-PSGR,36952,12
193,DL,Delta Air Lines Inc.,1998,Y,BOEING,737-832-PSGR,42132,5
194,DL,Delta Air Lines Inc.,1998,Y,BOEING,757-232-PSGR,49400,2
195,DL,Delta Air Lines Inc.,1998,Y,BOEING,757-232-PSGR,49900,2
196,DL,Delta Air Lines Inc.,1998,Y,BOEING,757-232-PSGR,50500,4
197,DL,Delta Air Lines Inc.,1998,Y,BOEING,767-332ER-PSGR,76340,9
198,DL,Delta Air Lines Inc.,1999,Y,AIRBUS,A319-114-PSGR,35490,2
199,DL,Delta Air Lines Inc.,1999,Y,AIRBUS,A320-212-PSGR,36952,7
200,DL,Delta Air Lines Inc.,1999,Y,BOEING,717-200-PSGR,29600,9
201,DL,Delta Air Lines Inc.,1999,Y,BOEING,737-832-PSGR,42132,11
202,DL,Delta Air Lines Inc.,1999,Y,BOEING,757-231-PSGR,48400,4
203,DL,Delta Air Lines Inc.,1999,Y,BOEING,757-231-PSGR,50500,1
204,DL,Delta Air Lines Inc.,1999,Y,BOEING,757-232-PSGR,49400,4
205,DL,Delta Air Lines Inc.,1999,Y,BOEING,757-232-PSGR,50500,3
206,DL,Delta Air Lines Inc.,1999,Y,BOEING,767-332ER-PSGR,76340,7
207,DL,Delta Air Lines Inc.,1999,Y,BOEING,767-3P6ER-PSGR,76340,1
208,DL,Delta Air Lines Inc.,2000,Y,AIRBUS,A319-114-PSGR,35490,7
209,DL,Delta Air Lines Inc.,2000,Y,BOEING,717-200-PSGR,29600,15
210,DL,Delta Air Lines Inc.,2000,Y,BOEING,737-832-PSGR,42132,24
211,DL,Delta Air Lines Inc.,2000,Y,BOEING,757-231-PSGR,48400,1
212,DL,Delta Air Lines Inc.,2000,Y,BOEING,757-232-PSGR,49900,1
213,DL,Delta Air Lines Inc.,2000,Y,BOEING,757-232-PSGR,50500,11
214,DL,Delta Air Lines Inc.,2000,Y,BOEING,767-332ER-PSGR,76340,1
215,DL,Delta Air Lines Inc.,2000,Y,BOEING,767-432ER-PSGR,88120,12
216,DL,Delta Air Lines Inc.,2001,Y,AIRBUS,A319-114-PSGR,35490,13
217,DL,Delta Air Lines Inc.,2001,Y,AIRBUS,A320-212-PSGR,36952,4
218,DL,Delta Air Lines Inc.,2001,Y,BOEING,717-200-PSGR,29600,11
219,DL,Delta Air Lines Inc.,2001,Y,BOEING,737-832-PSGR,42132,27
220,DL,Delta Air Lines Inc.,2001,Y,BOEING,757-232-PSGR,49900,1
221,DL,Delta Air Lines Inc.,2001,Y,BOEING,757-232-PSGR,50500,2
222,DL,Delta Air Lines Inc.,2001,Y,BOEING,757-251-PSGR,50500,5
223,DL,Delta Air Lines Inc.,2001,Y,BOEING,767-432ER-PSGR,88120,6
224,DL,Delta Air Lines Inc.,2002,Y,AIRBUS,A319-114-PSGR,35490,22
225,DL,Delta Air Lines Inc.,2002,Y,AIRBUS,A320-212-PSGR,36952,2
226,DL,Delta Air Lines Inc.,2002,Y,BOEING,717-200-PSGR,29600,13
227,DL,Delta Air Lines Inc.,2002,Y,BOEING,737-832-PSGR,42132,4
228,DL,Delta Air Lines Inc.,2002,Y,BOEING,757-251-PSGR,50500,3
229,DL,Delta Air Lines Inc.,2002,Y,BOEING,757-351-PSGR,60990,7
230,DL,Delta Air Lines Inc.,2002,Y,BOEING,767-432ER-PSGR,88120,3
231,DL,Delta Air Lines Inc.,2003,Y,AIRBUS,A319-114-PSGR,35490,13
232,DL,Delta Air Lines Inc.,2003,Y,AIRBUS,A320-211-PSGR,36652,2
233,DL,Delta Air Lines Inc.,2003,Y,AIRBUS,A330-323-PSGR,97248,5
234,DL,Delta Air Lines Inc.,2003,Y,BOEING,757-351-PSGR,60990,9
235,DL,Delta Air Lines Inc.,2004,Y,AIRBUS,A330-223-PSGR,83300,7
236,DL,Delta Air Lines Inc.,2004,Y,AIRBUS,A330-323-PSGR,97248,3
237,DL,Delta Air Lines Inc.,2004,Y,BOEING,717-200-PSGR,29600,1
238,DL,Delta Air Lines Inc.,2004,Y,BOEING,757-26D-PSGR,49900,1
239,DL,Delta Air Lines Inc.,2004,Y,BOEING,757-26D-PSGR,50500,2
240,DL,Delta Air Lines Inc.,2005,Y,AIRBUS,A330-323-PSGR,96009,3
241,DL,Delta Air Lines Inc.,2005,Y,BOEING,717-200-PSGR,29600,1
242,DL,Delta Air Lines Inc.,2005,Y,BOEING,757-26D-PSGR,50500,2
243,DL,Delta Air Lines Inc.,2006,Y,AIRBUS,A330-223-PSGR,83300,4
244,DL,Delta Air Lines Inc.,2006,Y,AIRBUS,A330-323-PSGR,96009,3
245,DL,Delta Air Lines Inc.,2007,Y,AIRBUS,A330-323-PSGR,96009,7
246,DL,Delta Air Lines Inc.,2010,Y,BOEING,737-832-PSGR,42132,2
247,DL,Delta Air Lines Inc.,2012,Y,BOEING,737-8EH-PSGR,42132,1
248,DL,Delta Air Lines Inc.,2013,Y,BOEING,737-8EH-PSGR,42132,2
249,DL,Delta Air Lines Inc.,2013,Y,BOEING,737-932ER-PSGR,47800,12
250,DL,Delta Air Lines Inc.,2014,Y,BOEING,737-8EH-PSGR,42132,1
251,DL,Delta Air Lines Inc.,2014,Y,BOEING,737-932ER-PSGR,47800,10
252,DL,Delta Air Lines Inc.,2014,Y,BOEING,737-932ER-PSGR,47900,9
253,DL,Delta Air Lines Inc.,2015,Y,AIRBUS,A330-302-PSGR,97455,4
254,DL,Delta Air Lines Inc.,2015,Y,BOEING,737-932ER-PSGR,47800,19
255,DL,Delta Air Lines Inc.,2016,Y,AIRBUS,A321-211-PSGR,52301,15
256,DL,Delta Air Lines Inc.,2016,Y,AIRBUS,A330-302-PSGR,97455,4
257,DL,Delta Air Lines Inc.,2016,Y,BOEING,737-900ER-PSGR,47800,4
258,DL,Delta Air Lines Inc.,2016,Y,BOEING,737-932ER-PSGR,47800,15
259,DL,Delta Air Lines Inc.,2017,Y,AIRBUS,A321-211-PSGR,52301,19
260,DL,Delta Air Lines Inc.,2017,Y,AIRBUS,A330-302-PSGR,97455,2
261,DL,Delta Air Lines Inc.,2017,Y,AIRBUS,A350-941-PSGR,106984,6
262,DL,Delta Air Lines Inc.,2017,Y,BOEING,737-900ER-PSGR,47700,14
263,DL,Delta Air Lines Inc.,2017,Y,BOEING,737-900ER-PSGR,47800,6
264,DL,Delta Air Lines Inc.,2018,Y,AIRBUS,A220-100-PSGR,27700,4
265,DL,Delta Air Lines Inc.,2018,Y,AIRBUS,A321-211-PSGR,52301,31
266,DL,Delta Air Lines Inc.,2018,Y,AIRBUS,A350-941-PSGR,106984,5
267,DL,Delta Air Lines Inc.,2018,Y,BOEING,737-900ER-PSGR,47700,6
268,DL,Delta Air Lines Inc.,2018,Y,BOEING,737-900ER-PSGR,47800,12
269,DL,Delta Air Lines Inc.,2018,Y,BOEING,737-900ER-PSGR,47900,6
270,DL,Delta Air Lines Inc.,2019,Y,AIRBUS,A220-100-PSGR,27700,24
271,DL,Delta Air Lines Inc.,2019,Y,AIRBUS,A321-211-PSGR,52301,32
272,DL,Delta Air Lines Inc.,2019,Y,AIRBUS,A330-941-PSGR,87418,4
273,DL,Delta Air Lines Inc.,2019,Y,AIRBUS,A350-941-PSGR,106984,2
274,DL,Delta Air Lines Inc.,2019,Y,BOEING,737-900ER-PSGR,47800,17
275,DL,Delta Air Lines Inc.,2020,Y,AIRBUS,A220-100-PSGR,27700,10
276,DL,Delta Air Lines Inc.,2020,Y,AIRBUS,A220-300-PSGR,34200,5
277,DL,Delta Air Lines Inc.,2020,Y,AIRBUS,A321-211-PSGR,52301,8
278,DL,Delta Air Lines Inc.,2020,Y,AIRBUS,A330-941-PSGR,87418,4
279,DL,Delta Air Lines Inc.,2020,Y,AIRBUS,A350-941-PSGR,106984,2
280,F9,Frontier Airlines Inc.,2002,Y,AIRBUS,319-112,141100,1
281,F9,Frontier Airlines Inc.,2005,Y,AIRBUS,319-112,141100,2
282,F9,Frontier Airlines Inc.,2006,Y,AIRBUS,319-111,141100,1
283,F9,Frontier Airlines Inc.,2008,Y,AIRBUS,320-114,162000,2
284,F9,Frontier Airlines Inc.,2010,Y,AIRBUS,320-214,162000,3
285,F9,Frontier Airlines Inc.,2011,Y,AIRBUS,320-214,162000,4
286,F9,Frontier Airlines Inc.,2013,Y,AIRBUS,320-214,162000,3
287,F9,Frontier Airlines Inc.,2014,Y,AIRBUS,A320,162000,1
288,F9,Frontier Airlines Inc.,2015,Y,AIRBUS,320-214,162000,2
289,F9,Frontier Airlines Inc.,2015,Y,AIRBUS,321-211,206000,6
290,F9,Frontier Airlines Inc.,2016,Y,AIRBUS,320-211,162000,1
291,F9,Frontier Airlines Inc.,2016,Y,AIRBUS,320-214,162000,4
292,F9,Frontier Airlines Inc.,2016,Y,AIRBUS,320-251,162000,3
293,F9,Frontier Airlines Inc.,2016,Y,AIRBUS,321-211,206000,7
294,F9,Frontier Airlines Inc.,2017,Y,AIRBUS,320-251N,162000,13
295,F9,Frontier Airlines Inc.,2017,Y,AIRBUS,321-211,206000,6
296,F9,Frontier Airlines Inc.,2018,Y,AIRBUS,320-251N,162000,16
297,F9,Frontier Airlines Inc.,2018,Y,AIRBUS,321-211,206000,2
298,F9,Frontier Airlines Inc.,2019,Y,AIRBUS,320-251N,162000,18
299,F9,Frontier Airlines Inc.,2020,Y,AIRBUS,320-251N,162000,9
300,HA,Hawaiian Airlines Inc.,1998,Y,BOEING,B717-200,33213,2
301,HA,Hawaiian Airlines Inc.,2000,Y,BOEING,B717-200,33213,1
302,HA,Hawaiian Airlines Inc.,2001,Y,BOEING,B717-200,33213,11
303,HA,Hawaiian Airlines Inc.,2003,Y,BOEING,B717-200,33213,1
304,HA,Hawaiian Airlines Inc.,2004,Y,BOEING,B717-200,33213,3
305,HA,Hawaiian Airlines Inc.,2005,Y,BOEING,B717-200,33213,1
306,HA,Hawaiian Airlines Inc.,2010,Y,AIRBUS,A330-200,100000,3
307,HA,Hawaiian Airlines Inc.,2011,Y,AIRBUS,A330-200,100000,2
308,HA,Hawaiian Airlines Inc.,2012,Y,AIRBUS,A330-200,100000,4
309,HA,Hawaiian Airlines Inc.,2013,Y,AIRBUS,A330-200,100000,5
310,HA,Hawaiian Airlines Inc.,2014,Y,AIRBUS,A330-200,100000,5
311,HA,Hawaiian Airlines Inc.,2015,Y,AIRBUS,A330-200,100000,3
312,HA,Hawaiian Airlines Inc.,2016,Y,AIRBUS,A330-200,100000,1
313,HA,Hawaiian Airlines Inc.,2017,Y,AIRBUS,A321-200NEO,46700,2
314,HA,Hawaiian Airlines Inc.,2018,Y,AIRBUS,A321-200NEO,46700,10
315,HA,Hawaiian Airlines Inc.,2019,Y,AIRBUS,A321-200NEO,46700,5
316,NK,Spirit Air Lines,2005,Y,AIRBUS,A-319-PSGR,29000,9
317,NK,Spirit Air Lines,2006,Y,AIRBUS,A-319-PSGR,29000,12
318,NK,Spirit Air Lines,2007,Y,AIRBUS,A-319-PSGR,29000,6
319,NK,Spirit Air Lines,2008,Y,AIRBUS,A-319-PSGR,29000,2
320,NK,Spirit Air Lines,2010,Y,AIRBUS,A-319-PSGR,29000,2
321,NK,Spirit Air Lines,2010,Y,AIRBUS,A-320-PSGR,36400,6
322,NK,Spirit Air Lines,2011,Y,AIRBUS,A-320-PSGR,36400,5
323,NK,Spirit Air Lines,2012,Y,AIRBUS,A-320-PSGR,36400,7
324,NK,Spirit Air Lines,2013,Y,AIRBUS,A-320-PSGR,36400,7
325,NK,Spirit Air Lines,2014,Y,AIRBUS,A-320-PSGR,36400,10
326,NK,Spirit Air Lines,2015,Y,AIRBUS,A-320-PSGR,36400,8
327,NK,Spirit Air Lines,2015,Y,AIRBUS,A-321-PSGR,45600,6
328,NK,Spirit Air Lines,2016,Y,AIRBUS,A-320-PSGR,36400,8
329,NK,Spirit Air Lines,2016,Y,AIRBUS,A-321-PSGR,45600,8
330,NK,Spirit Air Lines,2017,Y,AIRBUS,A-320-PSGR,36400,7
331,NK,Spirit Air Lines,2017,Y,AIRBUS,A-321-PSGR,45600,11
332,NK,Spirit Air Lines,2018,Y,AIRBUS,A-320-PSGR,36400,14
333,NK,Spirit Air Lines,2018,Y,AIRBUS,A-321-PSGR,45600,5
334,NK,Spirit Air Lines,2019,Y,AIRBUS,A-320-PSGR,36400,12
335,NK,Spirit Air Lines,2020,Y,AIRBUS,A-320-PSGR,36400,10
336,OO,SkyWest Airlines Inc.,1997,Y,BOMBARDIER,CRJ-200,53000,1
337,OO,SkyWest Airlines Inc.,1998,Y,BOMBARDIER,CRJ-200,53000,1
338,OO,SkyWest Airlines Inc.,1999,Y,BOMBARDIER,CRJ-200,53000,4
339,OO,SkyWest Airlines Inc.,1999,Y,BOMBARDIER,CRJ-700,74957,1
340,OO,SkyWest Airlines Inc.,2000,Y,BOMBARDIER,CRJ-200,53000,14
341,OO,SkyWest Airlines Inc.,2001,Y,BOMBARDIER,CRJ-200,53000,40
342,OO,SkyWest Airlines Inc.,2001,Y,BOMBARDIER,CRJ-700,74957,3
343,OO,SkyWest Airlines Inc.,2002,Y,BOMBARDIER,CRJ-200,53000,44
344,OO,SkyWest Airlines Inc.,2002,Y,BOMBARDIER,CRJ-700,74957,12
345,OO,SkyWest Airlines Inc.,2003,Y,BOMBARDIER,CRJ-200,53000,54
346,OO,SkyWest Airlines Inc.,2003,Y,BOMBARDIER,CRJ-700,74957,10
347,OO,SkyWest Airlines Inc.,2004,Y,BOMBARDIER,CRJ-200,53000,15
348,OO,SkyWest Airlines Inc.,2004,Y,BOMBARDIER,CRJ-700,74957,31
349,OO,SkyWest Airlines Inc.,2005,Y,BOMBARDIER,CRJ-200,53000,6
350,OO,SkyWest Airlines Inc.,2005,Y,BOMBARDIER,CRJ-700,74957,41
351,OO,SkyWest Airlines Inc.,2006,Y,BOMBARDIER,CRJ-700,74957,15
352,OO,SkyWest Airlines Inc.,2006,Y,BOMBARDIER,CRJ-900,75000,15
353,OO,SkyWest Airlines Inc.,2007,Y,BOMBARDIER,CRJ-900,75000,5
354,OO,SkyWest Airlines Inc.,2007,Y,EMBRAER,ERJ-175,84500,4
355,OO,SkyWest Airlines Inc.,2008,Y,BOMBARDIER,CRJ-700,74957,2
356,OO,SkyWest Airlines Inc.,2008,Y,BOMBARDIER,CRJ-900,75000,10
357,OO,SkyWest Airlines Inc.,2008,Y,EMBRAER,ERJ-175,84500,2
358,OO,SkyWest Airlines Inc.,2009,Y,BOMBARDIER,CRJ-700,74957,22
359,OO,SkyWest Airlines Inc.,2009,Y,BOMBARDIER,CRJ-900,75000,1
360,OO,SkyWest Airlines Inc.,2010,Y,BOMBARDIER,CRJ-700,74957,4
361,OO,SkyWest Airlines Inc.,2011,Y,BOMBARDIER,CRJ-700,74957,5
362,OO,SkyWest Airlines Inc.,2014,Y,EMBRAER,ERJ-175,84500,20
363,OO,SkyWest Airlines Inc.,2015,Y,EMBRAER,ERJ-175,84500,25
364,OO,SkyWest Airlines Inc.,2016,Y,EMBRAER,ERJ-175,84500,41
365,OO,SkyWest Airlines Inc.,2017,Y,EMBRAER,ERJ-175,84500,21
366,OO,SkyWest Airlines Inc.,2018,Y,BOMBARDIER,CRJ-900,75000,5
367,OO,SkyWest Airlines Inc.,2018,Y,EMBRAER,ERJ-175,84500,39
368,OO,SkyWest Airlines Inc.,2019,Y,BOMBARDIER,CRJ-900,75000,7
369,OO,SkyWest Airlines Inc.,2019,Y,EMBRAER,ERJ-175,84500,35
370,OO,SkyWest Airlines Inc.,2020,Y,EMBRAER,ERJ-175,84500,6
371,UA,United Air Lines Inc.,1991,Y,BOEING,B767-322ERPAX,407000,4
372,UA,United Air Lines Inc.,1992,Y,BOEING,B767-322ERPAX,407000,9
373,UA,United Air Lines Inc.,1993,Y,AIRBUS,AirbusA320-232,169700,5
374,UA,United Air Lines Inc.,1993,Y,BOEING,B767-322ERPAX,407000,8
375,UA,United Air Lines Inc.,1994,Y,AIRBUS,AirbusA320-232,169700,15
376,UA,United Air Lines Inc.,1994,Y,BOEING,B757-200PAX,255000,11
377,UA,United Air Lines Inc.,1995,Y,AIRBUS,AirbusA320-232,169700,5
378,UA,United Air Lines Inc.,1995,Y,BOEING,B757-200PAX,255000,4
379,UA,United Air Lines Inc.,1995,Y,BOEING,B777-222PAX,545000,7
380,UA,United Air Lines Inc.,1996,Y,AIRBUS,AirbusA320-232,169700,7
381,UA,United Air Lines Inc.,1996,Y,BOEING,B757-200PAX,255000,2
382,UA,United Air Lines Inc.,1996,Y,BOEING,B777-222PAX,545000,6
383,UA,United Air Lines Inc.,1997,Y,AIRBUS,AirbusA319-131,166400,4
384,UA,United Air Lines Inc.,1997,Y,AIRBUS,AirbusA320-232,169700,5
385,UA,United Air Lines Inc.,1997,Y,BOEING,B757-200PAX,255000,5
386,UA,United Air Lines Inc.,1997,Y,BOEING,B777-222BPAX,648000,12
387,UA,United Air Lines Inc.,1998,Y,AIRBUS,AirbusA319-131,166400,19
388,UA,United Air Lines Inc.,1998,Y,AIRBUS,AirbusA320-232,169700,9
389,UA,United Air Lines Inc.,1998,Y,BOEING,B737-700PAX,154500,16
390,UA,United Air Lines Inc.,1998,Y,BOEING,B737-800PAX,174200,17
391,UA,United Air Lines Inc.,1998,Y,BOEING,B757-200PAX,255000,10
392,UA,United Air Lines Inc.,1998,Y,BOEING,B767-322DRPAX,407000,4
393,UA,United Air Lines Inc.,1998,Y,BOEING,B777-222BPAX,648000,9
394,UA,United Air Lines Inc.,1999,Y,AIRBUS,AirbusA319-131,166400,5
395,UA,United Air Lines Inc.,1999,Y,AIRBUS,AirbusA320-232,169700,6
396,UA,United Air Lines Inc.,1999,Y,BOEING,B737-700PAX,154500,22
397,UA,United Air Lines Inc.,1999,Y,BOEING,B737-800PAX,174200,25
398,UA,United Air Lines Inc.,1999,Y,BOEING,B757-200PAX,255000,5
399,UA,United Air Lines Inc.,1999,Y,BOEING,B767-322DRPAX,407000,5
400,UA,United Air Lines Inc.,1999,Y,BOEING,B777-222BPAX,648000,11
401,UA,United Air Lines Inc.,2000,Y,AIRBUS,AirbusA319-131,166400,5
402,UA,United Air Lines Inc.,2000,Y,AIRBUS,AirbusA320-232,169700,11
403,UA,United Air Lines Inc.,2000,Y,BOEING,B737-800PAX,174200,16
404,UA,United Air Lines Inc.,2000,Y,BOEING,B757-200PAX,255000,3
405,UA,United Air Lines Inc.,2000,Y,BOEING,B767-322DRPAX,407000,3
406,UA,United Air Lines Inc.,2000,Y,BOEING,B767-400PAX,450000,4
407,UA,United Air Lines Inc.,2000,Y,BOEING,B777-222BPAX,648000,5
408,UA,United Air Lines Inc.,2000,Y,BOEING,B777-222PAX,545000,6
409,UA,United Air Lines Inc.,2001,Y,AIRBUS,AirbusA319-131,166400,14
410,UA,United Air Lines Inc.,2001,Y,AIRBUS,AirbusA320-232,169700,18
411,UA,United Air Lines Inc.,2001,Y,BOEING,B737-800PAX,174200,15
412,UA,United Air Lines Inc.,2001,Y,BOEING,B737-900PAX,174200,10
413,UA,United Air Lines Inc.,2001,Y,BOEING,B757-300PAX,273000,7
414,UA,United Air Lines Inc.,2001,Y,BOEING,B767-322DRPAX,407000,2
415,UA,United Air Lines Inc.,2001,Y,BOEING,B767-400PAX,450000,2
416,UA,United Air Lines Inc.,2001,Y,BOEING,B777-222BPAX,648000,8
417,UA,United Air Lines Inc.,2002,Y,AIRBUS,AirbusA319-131,166400,8
418,UA,United Air Lines Inc.,2002,Y,AIRBUS,AirbusA320-232,169700,12
419,UA,United Air Lines Inc.,2002,Y,BOEING,B737-700PAX,154500,2
420,UA,United Air Lines Inc.,2002,Y,BOEING,B737-800PAX,174200,4
421,UA,United Air Lines Inc.,2002,Y,BOEING,B737-900PAX,174200,2
422,UA,United Air Lines Inc.,2002,Y,BOEING,B757-300PAX,273000,7
423,UA,United Air Lines Inc.,2002,Y,BOEING,B767-322ERPAX,407000,2
424,UA,United Air Lines Inc.,2002,Y,BOEING,B767-400PAX,450000,10
425,UA,United Air Lines Inc.,2002,Y,BOEING,B777-222BPAX,648000,6
426,UA,United Air Lines Inc.,2003,Y,AIRBUS,AirbusA319-131,166400,1
427,UA,United Air Lines Inc.,2003,Y,BOEING,B737-800PAX,174200,4
428,UA,United Air Lines Inc.,2003,Y,BOEING,B757-300PAX,273000,2
429,UA,United Air Lines Inc.,2003,Y,BOEING,B767-322ERPAX,407000,1
430,UA,United Air Lines Inc.,2004,Y,AIRBUS,AirbusA319-131,166400,3
431,UA,United Air Lines Inc.,2004,Y,BOEING,B737-800PAX,174200,11
432,UA,United Air Lines Inc.,2004,Y,BOEING,B757-300PAX,273000,5
433,UA,United Air Lines Inc.,2005,Y,AIRBUS,AirbusA319-131,166400,3
434,UA,United Air Lines Inc.,2005,Y,BOEING,B737-800PAX,174200,7
435,UA,United Air Lines Inc.,2006,Y,AIRBUS,AirbusA319-131,166400,6
436,UA,United Air Lines Inc.,2006,Y,AIRBUS,AirbusA320-232,169700,2
437,UA,United Air Lines Inc.,2006,Y,BOEING,B737-800PAX,174200,6
438,UA,United Air Lines Inc.,2007,Y,AIRBUS,AirbusA319-131,166400,6
439,UA,United Air Lines Inc.,2007,Y,BOEING,B777-222BPAX,648000,2
440,UA,United Air Lines Inc.,2008,Y,BOEING,B737-800PAX,174200,12
441,UA,United Air Lines Inc.,2008,Y,BOEING,B737-900ER,187700,17
442,UA,United Air Lines Inc.,2009,Y,BOEING,B737-900ER,187700,13
443,UA,United Air Lines Inc.,2010,Y,BOEING,B737-800PAX,174200,11
444,UA,United Air Lines Inc.,2010,Y,BOEING,B737-900ER,187700,2
445,UA,United Air Lines Inc.,2010,Y,BOEING,B777-222BPAX,648000,2
446,UA,United Air Lines Inc.,2011,Y,BOEING,B737-800PAX,174200,2
447,UA,United Air Lines Inc.,2011,Y,BOEING,B737-900ER,187700,1
448,UA,United Air Lines Inc.,2012,Y,BOEING,B737-900ER,187700,19
449,UA,United Air Lines Inc.,2012,Y,BOEING,B787-800PAX,502000,6
450,UA,United Air Lines Inc.,2013,Y,BOEING,B737-900ER,187700,24
451,UA,United Air Lines Inc.,2013,Y,BOEING,B787-800PAX,502000,2
452,UA,United Air Lines Inc.,2014,Y,BOEING,B737-900ER,187700,29
453,UA,United Air Lines Inc.,2014,Y,BOEING,B787-800PAX,502000,4
454,UA,United Air Lines Inc.,2014,Y,BOEING,B787-900PAX,502000,2
455,UA,United Air Lines Inc.,2015,Y,BOEING,B737-900ER,187700,23
456,UA,United Air Lines Inc.,2015,Y,BOEING,B787-900PAX,502000,11
457,UA,United Air Lines Inc.,2016,Y,BOEING,B737-800PAX,174200,7
458,UA,United Air Lines Inc.,2016,Y,BOEING,B737-900ER,187700,8
459,UA,United Air Lines Inc.,2016,Y,BOEING,B777-300ERPAX,656000,2
460,UA,United Air Lines Inc.,2016,Y,BOEING,B787-900PAX,502000,6
461,UA,United Air Lines Inc.,2017,Y,BOEING,B737-800PAX,174200,4
462,UA,United Air Lines Inc.,2017,Y,BOEING,B777-300ERPAX,656000,12
463,UA,United Air Lines Inc.,2017,Y,BOEING,B787-10PAX,502000,1
464,UA,United Air Lines Inc.,2017,Y,BOEING,B787-900PAX,502000,3
465,UA,United Air Lines Inc.,2018,Y,BOEING,B737-Max9PAX,194700,10
466,UA,United Air Lines Inc.,2018,Y,BOEING,B777-300ERPAX,656000,4
467,UA,United Air Lines Inc.,2018,Y,BOEING,B787-10PAX,502000,3
468,UA,United Air Lines Inc.,2018,Y,BOEING,B787-900PAX,502000,3
469,UA,United Air Lines Inc.,2019,Y,BOEING,B737-Max9PAX,194700,3
470,UA,United Air Lines Inc.,2019,Y,BOEING,B777-300ERPAX,656000,2
471,UA,United Air Lines Inc.,2019,Y,BOEING,B787-10PAX,502000,7
472,UA,United Air Lines Inc.,2020,Y,BOEING,B777-300ERPAX,656000,2
473,UA,United Air Lines Inc.,2020,Y,BOEING,B787-10PAX,502000,2
474,UA,United Air Lines Inc.,2020,Y,BOEING,B787-900PAX,502000,10
475,WN,Southwest Airlines Co.,1998,Y,BOEING,B-737-705,36200,1
476,WN,Southwest Airlines Co.,1998,Y,BOEING,B-737-7AD,36200,1
477,WN,Southwest Airlines Co.,1998,Y,BOEING,B-737-7H4,36200,12
478,WN,Southwest Airlines Co.,1998,Y,BOEING,B-737-7Q8,36200,1
479,WN,Southwest Airlines Co.,1999,Y,BOEING,B-737-76N,36200,1
480,WN,Southwest Airlines Co.,1999,Y,BOEING,B-737-7H4,34100,1
481,WN,Southwest Airlines Co.,1999,Y,BOEING,B-737-7H4,36200,27
482,WN,Southwest Airlines Co.,1999,Y,BOEING,B-737-7L9,36200,3
483,WN,Southwest Airlines Co.,2000,Y,BOEING,B-737-73V,36200,3
484,WN,Southwest Airlines Co.,2000,Y,BOEING,B-737-790,36200,3
485,WN,Southwest Airlines Co.,2000,Y,BOEING,B-737-7H4,36200,23
486,WN,Southwest Airlines Co.,2000,Y,BOEING,B-737-7L9,36200,1
487,WN,Southwest Airlines Co.,2001,Y,BOEING,B-737-73V,36200,1
488,WN,Southwest Airlines Co.,2001,Y,BOEING,B-737-76N,36200,5
489,WN,Southwest Airlines Co.,2001,Y,BOEING,B-737-76Q,34100,4
490,WN,Southwest Airlines Co.,2001,Y,BOEING,B-737-7BK,36200,1
491,WN,Southwest Airlines Co.,2001,Y,BOEING,B-737-7H4,36200,25
492,WN,Southwest Airlines Co.,2001,Y,BOEING,B-737-7K9,36200,2
493,WN,Southwest Airlines Co.,2001,Y,BOEING,B-737-7L9,36200,1
494,WN,Southwest Airlines Co.,2001,Y,BOEING,B-737-7Q8,36200,6
495,WN,Southwest Airlines Co.,2002,Y,BOEING,B-737-73V,36200,3
496,WN,Southwest Airlines Co.,2002,Y,BOEING,B-737-752,36200,1
497,WN,Southwest Airlines Co.,2002,Y,BOEING,B-737-76N,36200,1
498,WN,Southwest Airlines Co.,2002,Y,BOEING,B-737-76Q,36200,1
499,WN,Southwest Airlines Co.,2002,Y,BOEING,B-737-79P,36200,1
500,WN,Southwest Airlines Co.,2002,Y,BOEING,B-737-7BX,36200,2
501,WN,Southwest Airlines Co.,2002,Y,BOEING,B-737-7CT,36200,4
502,WN,Southwest Airlines Co.,2002,Y,BOEING,B-737-7H4,36200,10
503,WN,Southwest Airlines Co.,2002,Y,BOEING,B-737-7Q8,36200,6
504,WN,Southwest Airlines Co.,2003,Y,BOEING,B-737-73V,36200,1
505,WN,Southwest Airlines Co.,2003,Y,BOEING,B-737-752,36200,1
506,WN,Southwest Airlines Co.,2003,Y,BOEING,B-737-76Q,36200,1
507,WN,Southwest Airlines Co.,2003,Y,BOEING,B-737-79P,36200,4
508,WN,Southwest Airlines Co.,2003,Y,BOEING,B-737-7CT,36200,6
509,WN,Southwest Airlines Co.,2003,Y,BOEING,B-737-7H4,36200,18
510,WN,Southwest Airlines Co.,2004,Y,BOEING,B-737-752,36200,1
511,WN,Southwest Airlines Co.,2004,Y,BOEING,B-737-7BD,36200,2
512,WN,Southwest Airlines Co.,2004,Y,BOEING,B-737-7H4,36200,48
513,WN,Southwest Airlines Co.,2004,Y,BOEING,B-737-7Q8,36200,4
514,WN,Southwest Airlines Co.,2005,Y,BOEING,B-737-752,36200,3
515,WN,Southwest Airlines Co.,2005,Y,BOEING,B-737-76N,36200,4
516,WN,Southwest Airlines Co.,2005,Y,BOEING,B-737-79L,36200,1
517,WN,Southwest Airlines Co.,2005,Y,BOEING,B-737-79P,36200,6
518,WN,Southwest Airlines Co.,2005,Y,BOEING,B-737-7BD,36200,2
519,WN,Southwest Airlines Co.,2005,Y,BOEING,B-737-7H4,36200,32
520,WN,Southwest Airlines Co.,2005,Y,BOEING,B-737-7K9,36200,2
521,WN,Southwest Airlines Co.,2005,Y,BOEING,B-737-7Q8,36200,1
522,WN,Southwest Airlines Co.,2006,Y,BOEING,B-737-71B,36200,4
523,WN,Southwest Airlines Co.,2006,Y,BOEING,B-737-752,36200,1
524,WN,Southwest Airlines Co.,2006,Y,BOEING,B-737-76N,36200,7
525,WN,Southwest Airlines Co.,2006,Y,BOEING,B-737-79P,36200,1
526,WN,Southwest Airlines Co.,2006,Y,BOEING,B-737-7BD,36200,12
527,WN,Southwest Airlines Co.,2006,Y,BOEING,B-737-7H4,36200,33
528,WN,Southwest Airlines Co.,2007,Y,BOEING,B-737-700,36200,1
529,WN,Southwest Airlines Co.,2007,Y,BOEING,B-737-752,36200,2
530,WN,Southwest Airlines Co.,2007,Y,BOEING,B-737-76N,36200,1
531,WN,Southwest Airlines Co.,2007,Y,BOEING,B-737-7BD,36200,8
532,WN,Southwest Airlines Co.,2007,Y,BOEING,B-737-7H4,36200,38
533,WN,Southwest Airlines Co.,2007,Y,BOEING,B-737-7K5,36200,1
534,WN,Southwest Airlines Co.,2007,Y,BOEING,B-737-7Q8,36200,1
535,WN,Southwest Airlines Co.,2008,Y,BOEING,B-737-7BD,36200,4
536,WN,Southwest Airlines Co.,2008,Y,BOEING,B-737-7CT,36200,1
537,WN,Southwest Airlines Co.,2008,Y,BOEING,B-737-7H4,36200,23
538,WN,Southwest Airlines Co.,2009,Y,BOEING,B-737-7BD,36200,2
539,WN,Southwest Airlines Co.,2009,Y,BOEING,B-737-7H4,36200,13
540,WN,Southwest Airlines Co.,2010,Y,BOEING,B-737-7H4,36200,11
541,WN,Southwest Airlines Co.,2011,Y,BOEING,B-737-7BD,36200,2
542,WN,Southwest Airlines Co.,2011,Y,BOEING,B-737-7H4,36200,16
543,WN,Southwest Airlines Co.,2012,Y,BOEING,B-737-8H4,43800,34
544,WN,Southwest Airlines Co.,2013,Y,BOEING,B-737-8H4,43800,18
545,WN,Southwest Airlines Co.,2014,Y,BOEING,B-737-8H4,43800,33
546,WN,Southwest Airlines Co.,2015,Y,BOEING,B-737-8,48421,1
547,WN,Southwest Airlines Co.,2015,Y,BOEING,B-737-8H4,43800,19
548,WN,Southwest Airlines Co.,2016,Y,BOEING,B-737-8,48421,1
549,WN,Southwest Airlines Co.,2016,Y,BOEING,B-737-8H4,43800,38
550,WN,Southwest Airlines Co.,2017,Y,BOEING,B-737-8,48421,12
551,WN,Southwest Airlines Co.,2017,Y,BOEING,B-737-8H4,43800,39
552,WN,Southwest Airlines Co.,2018,Y,BOEING,B-737-8,48421,17
553,WN,Southwest Airlines Co.,2018,Y,BOEING,B-737-8H4,43800,26
554,WN,Southwest Airlines Co.,2019,Y,BOEING,B-737-8,48421,3
555,WN,Southwest Airlines Co.,2020,Y,BOEING,B-737-8,48421,7
