IATA Code,Airline Name,Year,Month,Month Number,Quarter,Total Fuel Consumed (thousands of gallons),Total Cost of Fuel (dollars),Cost per Gallon (dollars),CO2 Emissions (Thousands of Gallons)
AS,Alaska Airlines,2010,January,1,1,"24,643","52,404",2.13,77625.45
AS,Alaska Airlines,2010,February,2,1,"21,984","44,874",2.04,69249.6
AS,Alaska Airlines,2010,March,3,1,"25,472","54,353",2.13,80236.8
AS,Alaska Airlines,2010,April,4,2,"24,820","55,864",2.25,78183
AS,Alaska Airlines,2010,May,5,2,"26,440","59,071",2.23,83286
AS,Alaska Airlines,2010,June,6,2,"28,067","60,222",2.15,88411.05
AS,Alaska Airlines,2010,July,7,3,"29,768","64,424",2.16,93769.2
AS,Alaska Airlines,2010,August,8,3,"29,450","64,212",2.18,92767.5
AS,Alaska Airlines,2010,September,9,3,"26,026","56,592",2.17,81981.9
AS,Alaska Airlines,2010,October,10,4,"26,975","62,344",2.31,84971.25
AS,Alaska Airlines,2010,November,11,4,"26,748","64,255",2.4,84256.2
AS,Alaska Airlines,2010,December,12,4,"28,304","70,794",2.5,89157.6
AS,Alaska Airlines,2011,January,1,1,"27,771","84,358",3.04,87478.65
AS,Alaska Airlines,2011,February,2,1,"25,779","82,654",3.21,81203.85
AS,Alaska Airlines,2011,March,3,1,"29,371","104,489",3.56,92518.65
AS,Alaska Airlines,2011,April,4,2,"28,572","108,048",3.78,90001.8
AS,Alaska Airlines,2011,May,5,2,"28,494","105,784",3.71,89756.1
AS,Alaska Airlines,2011,June,6,2,"29,970","106,943",3.57,94405.5
AS,Alaska Airlines,2011,July,7,3,"31,319","108,944",3.48,98654.85
AS,Alaska Airlines,2011,August,8,3,"31,165","106,238",3.41,98169.75
AS,Alaska Airlines,2011,September,9,3,"27,906","95,958",3.44,87903.9
AS,Alaska Airlines,2011,October,10,4,"28,231","95,632",3.39,88927.65
AS,Alaska Airlines,2011,November,11,4,"28,078","98,930",3.52,88445.7
AS,Alaska Airlines,2011,December,12,4,"29,176","99,196",3.4,91904.4
AS,Alaska Airlines,2012,January,1,1,"28,549","98,530",3.45,89929.35
AS,Alaska Airlines,2012,February,2,1,"27,214","97,310",3.58,85724.1
AS,Alaska Airlines,2012,March,3,1,"30,552","115,140",3.77,96238.8
AS,Alaska Airlines,2012,April,4,2,"29,654","110,410",3.72,93410.1
AS,Alaska Airlines,2012,May,5,2,"30,950","109,454",3.54,97492.5
AS,Alaska Airlines,2012,June,6,2,"32,479","103,003",3.17,102308.85
AS,Alaska Airlines,2012,July,7,3,"33,664","106,575",3.17,106041.6
AS,Alaska Airlines,2012,August,8,3,"33,268","114,720",3.45,104794.2
AS,Alaska Airlines,2012,September,9,3,"29,291","107,955",3.69,92266.65
AS,Alaska Airlines,2012,October,10,4,"29,853","109,510",3.67,94036.95
AS,Alaska Airlines,2012,November,11,4,"30,066","104,977",3.49,94707.9
AS,Alaska Airlines,2012,December,12,4,"31,584","108,043",3.42,99489.6
AS,Alaska Airlines,2013,January,1,1,"31,438","109,042",3.47,99029.7
AS,Alaska Airlines,2013,February,2,1,"28,273","104,151",3.68,89059.95
AS,Alaska Airlines,2013,March,3,1,"33,116","115,600",3.49,104315.4
AS,Alaska Airlines,2013,April,4,2,"32,206","107,204",3.33,101448.9
AS,Alaska Airlines,2013,May,5,2,"32,759","103,334",3.15,103190.85
AS,Alaska Airlines,2013,June,6,2,"34,783","108,918",3.13,109566.45
AS,Alaska Airlines,2013,July,7,3,"36,661","117,999",3.22,115482.15
AS,Alaska Airlines,2013,August,8,3,"36,139","119,744",3.31,113837.85
AS,Alaska Airlines,2013,September,9,3,"30,844","105,299",3.41,97158.6
AS,Alaska Airlines,2013,October,10,4,"30,991","103,018",3.32,97621.65
AS,Alaska Airlines,2013,November,11,4,"31,780","103,479",3.26,100107
AS,Alaska Airlines,2013,December,12,4,"32,874","111,433",3.39,103553.1
AS,Alaska Airlines,2014,January,1,1,"32,149","108,244",3.37,101269.35
AS,Alaska Airlines,2014,February,2,1,"29,250","98,142",3.36,92137.5
AS,Alaska Airlines,2014,March,3,1,"34,142","111,226",3.26,107547.3
AS,Alaska Airlines,2014,April,4,2,"32,648","106,516",3.26,102841.2
AS,Alaska Airlines,2014,May,5,2,"33,172","111,868",3.37,104491.8
AS,Alaska Airlines,2014,June,6,2,"35,451","118,576",3.34,111670.65
AS,Alaska Airlines,2014,July,7,3,"37,515","123,594",3.29,118172.25
AS,Alaska Airlines,2014,August,8,3,"37,274","122,210",3.28,117413.1
AS,Alaska Airlines,2014,September,9,3,"32,504","103,876",3.2,102387.6
AS,Alaska Airlines,2014,October,10,4,"32,910","97,422",2.96,103666.5
AS,Alaska Airlines,2014,November,11,4,"33,536","93,215",2.78,105638.4
AS,Alaska Airlines,2014,December,12,4,"35,780","85,652",2.39,112707
AS,Alaska Airlines,2015,January,1,1,"34,229","67,839",1.98,107821.35
AS,Alaska Airlines,2015,February,2,1,"31,135","60,952",1.96,98075.25
AS,Alaska Airlines,2015,March,3,1,"37,472","75,297",2.01,118036.8
AS,Alaska Airlines,2015,April,4,2,"35,804","70,357",1.97,112782.6
AS,Alaska Airlines,2015,May,5,2,"36,345","82,137",2.26,114486.75
AS,Alaska Airlines,2015,June,6,2,"37,317","81,527",2.18,117548.55
AS,Alaska Airlines,2015,July,7,3,"39,014","77,909",2,122894.1
AS,Alaska Airlines,2015,August,8,3,"39,145","69,240",1.77,123306.75
AS,Alaska Airlines,2015,September,9,3,"34,833","58,512",1.68,109723.95
AS,Alaska Airlines,2015,October,10,4,"36,362","61,172",1.68,114540.3
AS,Alaska Airlines,2015,November,11,4,"37,268","66,082",1.77,117394.2
AS,Alaska Airlines,2015,December,12,4,"39,148","57,422",1.47,123316.2
AS,Alaska Airlines,2016,January,1,1,"37,578","47,052",1.25,118370.7
AS,Alaska Airlines,2016,February,2,1,"35,463","42,099",1.19,111708.45
AS,Alaska Airlines,2016,March,3,1,"39,525","50,265",1.27,124503.75
AS,Alaska Airlines,2016,April,4,2,"38,495","51,662",1.34,121259.25
AS,Alaska Airlines,2016,May,5,2,"39,060","57,642",1.48,123039
AS,Alaska Airlines,2016,June,6,2,"40,232","65,484",1.63,126730.8
AS,Alaska Airlines,2016,July,7,3,"41,608","66,055",1.59,131065.2
AS,Alaska Airlines,2016,August,8,3,"41,966","62,279",1.48,132192.9
AS,Alaska Airlines,2016,September,9,3,"35,596","55,265",1.55,112127.4
AS,Alaska Airlines,2016,October,10,4,"36,349","60,204",1.66,114499.35
AS,Alaska Airlines,2016,November,11,4,"37,442","60,821",1.62,117942.3
AS,Alaska Airlines,2016,December,12,4,"40,013","67,976",1.7,126040.95
AS,Alaska Airlines,2017,January,1,1,"39,799","69,749",1.75,125366.85
AS,Alaska Airlines,2017,February,2,1,"35,717","63,944",1.79,112508.55
AS,Alaska Airlines,2017,March,3,1,"42,461","74,846",1.76,133752.15
AS,Alaska Airlines,2017,April,4,2,"41,346","73,135",1.77,130239.9
AS,Alaska Airlines,2017,May,5,2,"42,395","71,155",1.68,133544.25
AS,Alaska Airlines,2017,June,6,2,"43,388","70,910",1.63,136672.2
AS,Alaska Airlines,2017,July,7,3,"45,045","74,745",1.66,141891.75
AS,Alaska Airlines,2017,August,8,3,"44,611","79,305",1.78,140524.65
AS,Alaska Airlines,2017,September,9,3,"39,285","76,548",1.95,123747.75
AS,Alaska Airlines,2017,October,10,4,"40,380","77,879",1.93,127197
AS,Alaska Airlines,2017,November,11,4,"40,418","81,650",2.02,127316.7
AS,Alaska Airlines,2017,December,12,4,"43,090","88,828",2.06,135733.5
AS,Alaska Airlines,2018,January,1,1,"57,967","124,581",2.15,182596.05
AS,Alaska Airlines,2018,February,2,1,"53,154","113,155",2.13,167435.1
AS,Alaska Airlines,2018,March,3,1,"61,049","129,356",2.12,192304.35
AS,Alaska Airlines,2018,April,4,2,"60,703","135,968",2.24,191214.45
AS,Alaska Airlines,2018,May,5,2,"63,048","150,704",2.39,198601.2
AS,Alaska Airlines,2018,June,6,2,"64,146","152,122",2.37,202059.9
AS,Alaska Airlines,2018,July,7,3,"66,556","156,863",2.36,209651.4
AS,Alaska Airlines,2018,August,8,3,"65,146","153,987",2.36,205209.9
AS,Alaska Airlines,2018,September,9,3,"58,678","125,222",2.13,184835.7
AS,Alaska Airlines,2018,October,10,4,"59,448","151,177",2.54,187261.2
AS,Alaska Airlines,2018,November,11,4,"58,034","141,766",2.44,182807.1
AS,Alaska Airlines,2018,December,12,4,"59,598","127,256",2.14,187733.7
AS,Alaska Airlines,2019,January,1,1,"57,004","117,146",2.06,179562.6
AS,Alaska Airlines,2019,February,2,1,"51,241","110,282",2.15,161409.15
AS,Alaska Airlines,2019,March,3,1,"60,549","134,509",2.22,190729.35
AS,Alaska Airlines,2019,April,4,2,"59,666","137,085",2.3,187947.9
AS,Alaska Airlines,2019,May,5,2,"62,738","151,391",2.41,197624.7
AS,Alaska Airlines,2019,June,6,2,"64,492","137,488",2.13,203149.8
AS,Alaska Airlines,2019,July,7,3,"67,562","146,694",2.17,212820.3
AS,Alaska Airlines,2019,August,8,3,"66,517","139,172",2.09,209528.55
AS,Alaska Airlines,2019,September,9,3,"58,678","125,651",2.14,184835.7
AS,Alaska Airlines,2019,October,10,4,"60,317","131,739",2.18,189998.55
AS,Alaska Airlines,2019,November,11,4,"58,625","132,691",2.26,184668.75
AS,Alaska Airlines,2019,December,12,4,"62,580","140,166",2.24,197127
AA,American Airlines,2010,January,1,1,"205,863","458,325",2.23,648468.45
AA,American Airlines,2010,February,2,1,"181,948","387,850",2.13,573136.2
AA,American Airlines,2010,March,3,1,"209,637","453,740",2.16,660356.55
AA,American Airlines,2010,April,4,2,"199,695","461,076",2.31,629039.25
AA,American Airlines,2010,May,5,2,"216,604","502,741",2.32,682302.6
AA,American Airlines,2010,June,6,2,"212,808","468,629",2.2,670345.2
AA,American Airlines,2010,July,7,3,"224,176","484,993",2.16,706154.4
AA,American Airlines,2010,August,8,3,"217,974","469,746",2.16,686618.1
AA,American Airlines,2010,September,9,3,"202,298","430,058",2.13,637238.7
AA,American Airlines,2010,October,10,4,"206,939","473,080",2.29,651857.85
AA,American Airlines,2010,November,11,4,"197,170","461,743",2.34,621085.5
AA,American Airlines,2010,December,12,4,"204,838","494,025",2.41,645239.7
AA,American Airlines,2011,January,1,1,"205,275","523,656",2.55,646616.25
AA,American Airlines,2011,February,2,1,"181,778","476,603",2.62,572600.7
AA,American Airlines,2011,March,3,1,"208,857","587,609",2.81,657899.55
AA,American Airlines,2011,April,4,2,"205,247","617,436",3.01,646528.05
AA,American Airlines,2011,May,5,2,"209,679","651,076",3.11,660488.85
AA,American Airlines,2011,June,6,2,"211,310","624,399",2.95,665626.5
AA,American Airlines,2011,July,7,3,"221,327","664,682",3,697180.05
AA,American Airlines,2011,August,8,3,"213,198","646,420",3.03,671573.7
AA,American Airlines,2011,September,9,3,"199,086","632,790",3.18,627120.9
AA,American Airlines,2011,October,10,4,"202,063","559,650",2.77,636498.45
AA,American Airlines,2011,November,11,4,"186,189","561,003",3.01,586495.35
AA,American Airlines,2011,December,12,4,"197,745","597,859",3.02,622896.75
AA,American Airlines,2012,January,1,1,"197,968","601,034",3.04,623599.2
AA,American Airlines,2012,February,2,1,"187,986","589,873",3.14,592155.9
AA,American Airlines,2012,March,3,1,"205,582","671,744",3.27,647583.3
AA,American Airlines,2012,April,4,2,"193,929","643,439",3.32,610876.35
AA,American Airlines,2012,May,5,2,"205,531","661,050",3.22,647422.65
AA,American Airlines,2012,June,6,2,"203,670","595,645",2.92,641560.5
AA,American Airlines,2012,July,7,3,"215,238","619,477",2.88,677999.7
AA,American Airlines,2012,August,8,3,"210,077","626,495",2.98,661742.55
AA,American Airlines,2012,September,9,3,"192,138","633,499",3.3,605234.7
AA,American Airlines,2012,October,10,4,"196,849","633,581",3.22,620074.35
AA,American Airlines,2012,November,11,4,"191,059","593,057",3.1,601835.85
AA,American Airlines,2012,December,12,4,"205,567","627,258",3.05,647536.05
AA,American Airlines,2013,January,1,1,"201,399","634,580",3.15,634406.85
AA,American Airlines,2013,February,2,1,"182,666","589,434",3.23,575397.9
AA,American Airlines,2013,March,3,1,"207,138","652,680",3.15,652484.7
AA,American Airlines,2013,April,4,2,"199,329","616,212",3.09,627886.35
AA,American Airlines,2013,May,5,2,"209,547","600,266",2.86,660073.05
AA,American Airlines,2013,June,6,2,"213,247","605,792",2.84,671728.05
AA,American Airlines,2013,July,7,3,"223,795","626,843",2.8,704954.25
AA,American Airlines,2013,August,8,3,"220,803","660,989",2.99,695529.45
AA,American Airlines,2013,September,9,3,"196,749","602,925",3.06,619759.35
AA,American Airlines,2013,October,10,4,"204,918","616,594",3.01,645491.7
AA,American Airlines,2013,November,11,4,"193,729","568,622",2.94,610246.35
AA,American Airlines,2013,December,12,4,"206,317","626,337",3.04,649898.55
AA,American Airlines,2014,January,1,1,"206,077","634,441",3.08,649142.55
AA,American Airlines,2014,February,2,1,"183,652","550,425",3,578503.8
AA,American Airlines,2014,March,3,1,"209,855","632,569",3.01,661043.25
AA,American Airlines,2014,April,4,2,"200,508","599,505",2.99,631600.2
AA,American Airlines,2014,May,5,2,"208,808","610,292",2.92,657745.2
AA,American Airlines,2014,June,6,2,"215,103","635,853",2.96,677574.45
AA,American Airlines,2014,July,7,3,"224,811","659,161",2.93,708154.65
AA,American Airlines,2014,August,8,3,"216,675","619,055",2.86,682526.25
AA,American Airlines,2014,September,9,3,"196,109","558,857",2.85,617743.35
AA,American Airlines,2014,October,10,4,"204,483","543,061",2.66,644121.45
AA,American Airlines,2014,November,11,4,"194,081","481,077",2.48,611355.15
AA,American Airlines,2014,December,12,4,"208,753","454,399",2.18,657571.95
AA,American Airlines,2015,January,1,1,"199,656","350,512",1.76,628916.4
AA,American Airlines,2015,February,2,1,"176,675","309,315",1.75,556526.25
AA,American Airlines,2015,March,3,1,"206,367","368,713",1.79,650056.05
AA,American Airlines,2015,April,4,2,"202,910","351,742",1.73,639166.5
AA,American Airlines,2015,May,5,2,"211,741","395,983",1.87,666984.15
AA,American Airlines,2015,June,6,2,"213,706","398,452",1.86,673173.9
AA,American Airlines,2015,July,7,3,"334,042","579,161",1.73,1052232.3
AA,American Airlines,2015,August,8,3,"326,156","517,492",1.59,1027391.4
AA,American Airlines,2015,September,9,3,"291,893","432,280",1.48,919462.95
AA,American Airlines,2015,October,10,4,"297,945","440,296",1.48,938526.75
AA,American Airlines,2015,November,11,4,"276,280","400,648",1.45,870282
AA,American Airlines,2015,December,12,4,"298,364","397,724",1.33,939846.6
AA,American Airlines,2016,January,1,1,"281,939","316,442",1.12,888107.85
AA,American Airlines,2016,February,2,1,"266,274","280,796",1.05,838763.1
AA,American Airlines,2016,March,3,1,"296,928","331,434",1.12,935323.2
AA,American Airlines,2016,April,4,2,"291,401","349,915",1.2,917913.15
AA,American Airlines,2016,May,5,2,"312,423","406,837",1.3,984132.45
AA,American Airlines,2016,June,6,2,"324,386","459,147",1.42,1021815.9
AA,American Airlines,2016,July,7,3,"337,688","476,110",1.41,1063717.2
AA,American Airlines,2016,August,8,3,"325,383","436,353",1.34,1024956.45
AA,American Airlines,2016,September,9,3,"287,183","398,242",1.39,904626.45
AA,American Airlines,2016,October,10,4,"292,210","421,665",1.44,920461.5
AA,American Airlines,2016,November,11,4,"268,279","390,678",1.46,845078.85
AA,American Airlines,2016,December,12,4,"294,200","444,100",1.51,926730
AA,American Airlines,2017,January,1,1,"280,608","439,361",1.57,883915.2
AA,American Airlines,2017,February,2,1,"251,239","404,587",1.61,791402.85
AA,American Airlines,2017,March,3,1,"297,276","469,284",1.58,936419.4
AA,American Airlines,2017,April,4,2,"292,610","461,630",1.58,921721.5
AA,American Airlines,2017,May,5,2,"315,974","482,107",1.53,995318.1
AA,American Airlines,2017,June,6,2,"322,973","466,440",1.44,1017364.95
AA,American Airlines,2017,July,7,3,"337,620","491,298",1.46,1063503
AA,American Airlines,2017,August,8,3,"330,635","518,310",1.57,1041500.25
AA,American Airlines,2017,September,9,3,"275,705","471,586",1.71,868470.75
AA,American Airlines,2017,October,10,4,"299,679","521,436",1.74,943988.85
AA,American Airlines,2017,November,11,4,"267,580","477,839",1.79,842877
AA,American Airlines,2017,December,12,4,"296,008","549,826",1.86,932425.2
AA,American Airlines,2018,January,1,1,"283,037","558,826",1.97,891566.55
AA,American Airlines,2018,February,2,1,"261,261","520,561",1.99,822972.15
AA,American Airlines,2018,March,3,1,"297,835","581,609",1.95,938180.25
AA,American Airlines,2018,April,4,2,"297,054","597,283",2.01,935720.1
AA,American Airlines,2018,May,5,2,"318,071","686,209",2.16,1001923.65
AA,American Airlines,2018,June,6,2,"326,665","714,233",2.19,1028994.75
AA,American Airlines,2018,July,7,3,"340,179","733,757",2.16,1071563.85
AA,American Airlines,2018,August,8,3,"334,372","723,020",2.16,1053271.8
AA,American Airlines,2018,September,9,3,"301,694","665,126",2.2,950336.1
AA,American Airlines,2018,October,10,4,"309,097","707,578",2.29,973655.55
AA,American Airlines,2018,November,11,4,"274,594","597,162",2.17,864971.1
AA,American Airlines,2018,December,12,4,"291,022","559,768",1.92,916719.3
AA,American Airlines,2019,January,1,1,"285,909","526,758",1.84,900613.35
AA,American Airlines,2019,February,2,1,"263,721","505,879",1.92,830721.15
AA,American Airlines,2019,March,3,1,"301,174","594,195",1.97,948698.1
AA,American Airlines,2019,April,4,2,"290,512","588,968",2.03,915112.8
AA,American Airlines,2019,May,5,2,"319,379","659,417",2.06,1006043.85
AA,American Airlines,2019,June,6,2,"327,022","635,910",1.94,1030119.3
AA,American Airlines,2019,July,7,3,"338,192","657,729",1.94,1065304.8
AA,American Airlines,2019,August,8,3,"337,676","645,386",1.91,1063679.4
AA,American Airlines,2019,September,9,3,"303,236","581,043",1.92,955193.4
AA,American Airlines,2019,October,10,4,"308,305","594,190",1.93,971160.75
AA,American Airlines,2019,November,11,4,"281,097","541,216",1.93,885455.55
AA,American Airlines,2019,December,12,4,"303,666","589,290",1.94,956547.9
DL,Delta Air Lines,2010,January,1,1,"233,552","510,625",2.19,735688.8
DL,Delta Air Lines,2010,February,2,1,"210,858","476,442",2.26,664202.7
DL,Delta Air Lines,2010,March,3,1,"248,486","552,845",2.22,782730.9
DL,Delta Air Lines,2010,April,4,2,"236,572","547,579",2.31,745201.8
DL,Delta Air Lines,2010,May,5,2,"259,529","608,059",2.34,817516.35
DL,Delta Air Lines,2010,June,6,2,"282,618","646,506",2.29,890246.7
DL,Delta Air Lines,2010,July,7,3,"298,024","684,458",2.3,938775.6
DL,Delta Air Lines,2010,August,8,3,"293,799","671,891",2.29,925466.85
DL,Delta Air Lines,2010,September,9,3,"260,327","592,269",2.28,820030.05
DL,Delta Air Lines,2010,October,10,4,"262,845","626,756",2.38,827961.75
DL,Delta Air Lines,2010,November,11,4,"240,632","594,303",2.47,757990.8
DL,Delta Air Lines,2010,December,12,4,"249,743","628,541",2.52,786690.45
DL,Delta Air Lines,2011,January,1,1,"246,956","656,934",2.66,777911.4
DL,Delta Air Lines,2011,February,2,1,"224,327","641,699",2.86,706630.05
DL,Delta Air Lines,2011,March,3,1,"266,496","778,263",2.92,839462.4
DL,Delta Air Lines,2011,April,4,2,"254,589","819,265",3.22,801955.35
DL,Delta Air Lines,2011,May,5,2,"264,262","861,330",3.26,832425.3
DL,Delta Air Lines,2011,June,6,2,"285,281","877,428",3.08,898635.15
DL,Delta Air Lines,2011,July,7,3,"304,300","934,688",3.07,958545
DL,Delta Air Lines,2011,August,8,3,"292,674","890,462",3.04,921923.1
DL,Delta Air Lines,2011,September,9,3,"252,886","766,612",3.03,796590.9
DL,Delta Air Lines,2011,October,10,4,"253,652","757,600",2.99,799003.8
DL,Delta Air Lines,2011,November,11,4,"228,764","648,713",2.84,720606.6
DL,Delta Air Lines,2011,December,12,4,"238,893","697,571",2.92,752512.95
DL,Delta Air Lines,2012,January,1,1,"231,042","734,391",3.18,727782.3
DL,Delta Air Lines,2012,February,2,1,"218,206","708,611",3.25,687348.9
DL,Delta Air Lines,2012,March,3,1,"254,911","849,431",3.33,802969.65
DL,Delta Air Lines,2012,April,4,2,"246,848","845,485",3.43,777571.2
DL,Delta Air Lines,2012,May,5,2,"260,664","886,074",3.4,821091.6
DL,Delta Air Lines,2012,June,6,2,"278,870","944,851",3.39,878440.5
DL,Delta Air Lines,2012,July,7,3,"294,583","939,159",3.19,927936.45
DL,Delta Air Lines,2012,August,8,3,"290,979","919,313",3.16,916583.85
DL,Delta Air Lines,2012,September,9,3,"254,747","754,631",2.96,802453.05
DL,Delta Air Lines,2012,October,10,4,"254,487","853,989",3.36,801634.05
DL,Delta Air Lines,2012,November,11,4,"231,469","729,205",3.15,729127.35
DL,Delta Air Lines,2012,December,12,4,"240,242","772,886",3.22,756762.3
DL,Delta Air Lines,2013,January,1,1,"235,648","751,477",3.19,742291.2
DL,Delta Air Lines,2013,February,2,1,"216,422","692,825",3.2,681729.3
DL,Delta Air Lines,2013,March,3,1,"258,536","846,595",3.27,814388.4
DL,Delta Air Lines,2013,April,4,2,"254,412","797,744",3.14,801397.8
DL,Delta Air Lines,2013,May,5,2,"266,522","788,396",2.96,839544.3
DL,Delta Air Lines,2013,June,6,2,"286,753","872,671",3.04,903271.95
DL,Delta Air Lines,2013,July,7,3,"308,356","904,820",2.93,971321.4
DL,Delta Air Lines,2013,August,8,3,"303,465","892,654",2.94,955914.75
DL,Delta Air Lines,2013,September,9,3,"261,714","768,322",2.94,824399.1
DL,Delta Air Lines,2013,October,10,4,"263,650","787,032",2.99,830497.5
DL,Delta Air Lines,2013,November,11,4,"239,104","733,984",3.07,753177.6
DL,Delta Air Lines,2013,December,12,4,"253,992","774,886",3.05,800074.8
DL,Delta Air Lines,2014,January,1,1,"240,287","718,979",2.99,756904.05
DL,Delta Air Lines,2014,February,2,1,"215,608","641,427",2.97,679165.2
DL,Delta Air Lines,2014,March,3,1,"269,565","814,563",3.02,849129.75
DL,Delta Air Lines,2014,April,4,2,"260,527","753,885",2.89,820660.05
DL,Delta Air Lines,2014,May,5,2,"276,111","807,142",2.92,869749.65
DL,Delta Air Lines,2014,June,6,2,"298,228","859,291",2.88,939418.2
DL,Delta Air Lines,2014,July,7,3,"311,813","897,272",2.88,982210.95
DL,Delta Air Lines,2014,August,8,3,"313,390","914,656",2.92,987178.5
DL,Delta Air Lines,2014,September,9,3,"278,151","784,496",2.82,876175.65
DL,Delta Air Lines,2014,October,10,4,"275,703","741,416",2.69,868464.45
DL,Delta Air Lines,2014,November,11,4,"248,316","677,668",2.73,782195.4
DL,Delta Air Lines,2014,December,12,4,"259,833","651,454",2.51,818473.95
DL,Delta Air Lines,2015,January,1,1,"254,534","636,276",2.5,801782.1
DL,Delta Air Lines,2015,February,2,1,"230,558","1,020,494",4.43,726257.7
DL,Delta Air Lines,2015,March,3,1,"280,482","740,812",2.64,883518.3
DL,Delta Air Lines,2015,April,4,2,"275,070","682,504",2.48,866470.5
DL,Delta Air Lines,2015,May,5,2,"291,981","723,972",2.48,919740.15
DL,Delta Air Lines,2015,June,6,2,"308,657","759,994",2.46,972269.55
DL,Delta Air Lines,2015,July,7,3,"327,699","636,656",1.94,1032251.85
DL,Delta Air Lines,2015,August,8,3,"328,696","601,141",1.83,1035392.4
DL,Delta Air Lines,2015,September,9,3,"281,681","474,164",1.68,887295.15
DL,Delta Air Lines,2015,October,10,4,"275,114","564,773",2.05,866609.1
DL,Delta Air Lines,2015,November,11,4,"250,336","459,208",1.83,788558.4
DL,Delta Air Lines,2015,December,12,4,"263,737","486,070",1.84,830771.55
DL,Delta Air Lines,2016,January,1,1,"257,939","350,819",1.36,812507.85
DL,Delta Air Lines,2016,February,2,1,"242,512","324,988",1.34,763912.8
DL,Delta Air Lines,2016,March,3,1,"279,293","385,211",1.38,879772.95
DL,Delta Air Lines,2016,April,4,2,"277,606","425,697",1.53,874458.9
DL,Delta Air Lines,2016,May,5,2,"298,189","449,216",1.51,939295.35
DL,Delta Air Lines,2016,June,6,2,"312,028","958,080",3.07,982888.2
DL,Delta Air Lines,2016,July,7,3,"332,569","490,912",1.48,1047592.35
DL,Delta Air Lines,2016,August,8,3,"324,157","499,006",1.54,1021094.55
DL,Delta Air Lines,2016,September,9,3,"282,495","401,519",1.42,889859.25
DL,Delta Air Lines,2016,October,10,4,"276,152","471,408",1.71,869878.8
DL,Delta Air Lines,2016,November,11,4,"244,465","381,740",1.56,770064.75
DL,Delta Air Lines,2016,December,12,4,"264,523","430,648",1.63,833247.45
DL,Delta Air Lines,2017,January,1,1,"256,234","426,426",1.66,807137.1
DL,Delta Air Lines,2017,February,2,1,"230,834","414,572",1.8,727127.1
DL,Delta Air Lines,2017,March,3,1,"280,420","469,378",1.67,883323
DL,Delta Air Lines,2017,April,4,2,"274,527","463,883",1.69,864760.05
DL,Delta Air Lines,2017,May,5,2,"296,758","502,796",1.69,934787.7
DL,Delta Air Lines,2017,June,6,2,"320,167","523,552",1.64,1008526.05
DL,Delta Air Lines,2017,July,7,3,"334,935","556,006",1.66,1055045.25
DL,Delta Air Lines,2017,August,8,3,"334,125","532,782",1.59,1052493.75
DL,Delta Air Lines,2017,September,9,3,"281,686","493,778",1.75,887310.9
DL,Delta Air Lines,2017,October,10,4,"287,687","545,451",1.9,906214.05
DL,Delta Air Lines,2017,November,11,4,"252,204","487,145",1.93,794442.6
DL,Delta Air Lines,2017,December,12,4,"265,553","521,071",1.96,836491.95
DL,Delta Air Lines,2018,January,1,1,"262,747","541,579",2.06,827653.05
DL,Delta Air Lines,2018,February,2,1,"241,561","494,422",2.05,760917.15
DL,Delta Air Lines,2018,March,3,1,"289,572","548,904",1.9,912151.8
DL,Delta Air Lines,2018,April,4,2,"283,856","617,142",2.17,894146.4
DL,Delta Air Lines,2018,May,5,2,"306,453","647,110",2.11,965326.95
DL,Delta Air Lines,2018,June,6,2,"324,222","701,843",2.16,1021299.3
DL,Delta Air Lines,2018,July,7,3,"342,581","771,945",2.25,1079130.15
DL,Delta Air Lines,2018,August,8,3,"343,305","747,880",2.18,1081410.75
DL,Delta Air Lines,2018,September,9,3,"292,040","651,890",2.23,919926
DL,Delta Air Lines,2018,October,10,4,"290,206","707,599",2.44,914148.9
DL,Delta Air Lines,2018,November,11,4,"260,650","641,228",2.46,821047.5
DL,Delta Air Lines,2018,December,12,4,"273,409","669,268",2.45,861238.35
DL,Delta Air Lines,2019,January,1,1,"271,478","556,608",2.05,855155.7
DL,Delta Air Lines,2019,February,2,1,"245,597","506,214",2.06,773630.55
DL,Delta Air Lines,2019,March,3,1,"296,991","601,890",2.03,935521.65
DL,Delta Air Lines,2019,April,4,2,"293,913","593,007",2.02,925825.95
DL,Delta Air Lines,2019,May,5,2,"316,512","650,199",2.05,997012.8
DL,Delta Air Lines,2019,June,6,2,"334,776","708,826",2.12,1054544.4
DL,Delta Air Lines,2019,July,7,3,"349,977","684,959",1.96,1102427.55
DL,Delta Air Lines,2019,August,8,3,"349,985","665,819",1.9,1102452.75
DL,Delta Air Lines,2019,September,9,3,"302,352","598,294",1.98,952408.8
DL,Delta Air Lines,2019,October,10,4,"302,961","577,723",1.91,954327.15
DL,Delta Air Lines,2019,November,11,4,"265,476","529,105",1.99,836249.4
DL,Delta Air Lines,2019,December,12,4,"284,841","579,524",2.03,897249.15
F9,Frontier Airlines,2010,January,1,1,"13,712","29,497",2.15,43192.8
F9,Frontier Airlines,2010,February,2,1,"12,462","25,837",2.07,39255.3
F9,Frontier Airlines,2010,March,3,1,"14,235","30,902",2.17,44840.25
F9,Frontier Airlines,2010,April,4,2,"14,254","32,560",2.28,44900.1
F9,Frontier Airlines,2010,May,5,2,"15,298","34,458",2.25,48188.7
F9,Frontier Airlines,2010,June,6,2,"20,383","38,854",1.91,64206.45
F9,Frontier Airlines,2010,July,7,3,"21,120","52,863",2.5,66528
F9,Frontier Airlines,2010,August,8,3,"20,913","45,238",2.16,65875.95
F9,Frontier Airlines,2010,September,9,3,"18,690","40,378",2.16,58873.5
F9,Frontier Airlines,2010,October,10,4,"18,561","42,695",2.3,58467.15
F9,Frontier Airlines,2010,November,11,4,"17,577","46,241",2.63,55367.55
F9,Frontier Airlines,2010,December,12,4,"18,076","47,330",2.62,56939.4
F9,Frontier Airlines,2011,January,1,1,"17,889","49,433",2.76,56350.35
F9,Frontier Airlines,2011,February,2,1,"16,488","49,059",2.98,51937.2
F9,Frontier Airlines,2011,March,3,1,"19,000","58,687",3.09,59850
F9,Frontier Airlines,2011,April,4,2,"18,568","59,828",3.22,58489.2
F9,Frontier Airlines,2011,May,5,2,"19,047","62,036",3.26,59998.05
F9,Frontier Airlines,2011,June,6,2,"19,676","65,270",3.32,61979.4
F9,Frontier Airlines,2011,July,7,3,"15,071","48,567",3.22,47473.65
F9,Frontier Airlines,2011,August,8,3,"14,970","47,450",3.17,47155.5
F9,Frontier Airlines,2011,September,9,3,"13,203","41,546",3.15,41589.45
F9,Frontier Airlines,2011,October,10,4,"13,109","41,896",3.2,41293.35
F9,Frontier Airlines,2011,November,11,4,"12,760","40,970",3.21,40194
F9,Frontier Airlines,2011,December,12,4,"13,362","41,270",3.09,42090.3
F9,Frontier Airlines,2012,January,1,1,"12,397","40,047",3.23,39050.55
F9,Frontier Airlines,2012,February,2,1,"11,964","41,369",3.46,37686.6
F9,Frontier Airlines,2012,March,3,1,"13,500","46,817",3.47,42525
F9,Frontier Airlines,2012,April,4,2,"12,803","44,090",3.44,40329.45
F9,Frontier Airlines,2012,May,5,2,"13,078","42,283",3.23,41195.7
F9,Frontier Airlines,2012,June,6,2,"14,188","43,315",3.05,44692.2
F9,Frontier Airlines,2012,July,7,3,"14,663","46,866",3.2,46188.45
F9,Frontier Airlines,2012,August,8,3,"13,890","45,634",3.29,43753.5
F9,Frontier Airlines,2012,September,9,3,"11,758","40,599",3.45,37037.7
F9,Frontier Airlines,2012,October,10,4,"12,215","39,430",3.23,38477.25
F9,Frontier Airlines,2012,November,11,4,"11,838","36,103",3.05,37289.7
F9,Frontier Airlines,2012,December,12,4,"12,605","38,185",3.03,39705.75
F9,Frontier Airlines,2013,January,1,1,"11,773","36,831",3.13,37084.95
F9,Frontier Airlines,2013,February,2,1,"10,664","35,223",3.3,33591.6
F9,Frontier Airlines,2013,March,3,1,"11,992","36,970",3.08,37774.8
F9,Frontier Airlines,2013,April,4,2,"11,440","33,948",2.97,36036
F9,Frontier Airlines,2013,May,5,2,"12,186","34,092",2.8,38385.9
F9,Frontier Airlines,2013,June,6,2,"12,655","35,951",2.84,39863.25
F9,Frontier Airlines,2013,July,7,3,"13,277","38,632",2.91,41822.55
F9,Frontier Airlines,2013,August,8,3,"12,912","38,672",2.99,40672.8
F9,Frontier Airlines,2013,September,9,3,"11,640","35,328",3.03,36666
F9,Frontier Airlines,2013,October,10,4,"11,515","34,174",2.97,36272.25
F9,Frontier Airlines,2013,November,11,4,"11,516","33,671",2.92,36275.4
F9,Frontier Airlines,2013,December,12,4,"12,471","37,662",3.02,39283.65
F9,Frontier Airlines,2014,January,1,1,"11,649","34,983",3,36694.35
F9,Frontier Airlines,2014,February,2,1,"10,983","33,375",3.04,34596.45
F9,Frontier Airlines,2014,March,3,1,"12,691","41,761",3.29,39976.65
F9,Frontier Airlines,2014,April,4,2,"12,016","38,432",3.2,37850.4
F9,Frontier Airlines,2014,May,5,2,"13,542","43,831",3.24,42657.3
F9,Frontier Airlines,2014,June,6,2,"14,668","46,893",3.2,46204.2
F9,Frontier Airlines,2014,July,7,3,"15,662","49,534",3.16,49335.3
F9,Frontier Airlines,2014,August,8,3,"15,051","47,669",3.17,47410.65
F9,Frontier Airlines,2014,September,9,3,"14,027","43,490",3.1,44185.05
F9,Frontier Airlines,2014,October,10,4,"14,377","41,248",2.87,45287.55
F9,Frontier Airlines,2014,November,11,4,"14,202","38,149",2.69,44736.3
F9,Frontier Airlines,2014,December,12,4,"15,016","34,510",2.3,47300.4
F9,Frontier Airlines,2015,January,1,1,"14,877","27,651",1.86,46862.55
F9,Frontier Airlines,2015,February,2,1,"13,297","25,052",1.88,41885.55
F9,Frontier Airlines,2015,March,3,1,"15,305","30,595",2,48210.75
F9,Frontier Airlines,2015,April,4,2,"15,170","28,899",1.9,47785.5
F9,Frontier Airlines,2015,May,5,2,"16,754","34,888",2.08,52775.1
F9,Frontier Airlines,2015,June,6,2,"16,671","31,340",1.88,52513.65
F9,Frontier Airlines,2015,July,7,3,"17,104","32,462",1.9,53877.6
F9,Frontier Airlines,2015,August,8,3,"16,846","28,960",1.72,53064.9
F9,Frontier Airlines,2015,September,9,3,"15,951","22,470",1.41,50245.65
F9,Frontier Airlines,2015,October,10,4,"16,900","23,955",1.42,53235
F9,Frontier Airlines,2015,November,11,4,"17,340","24,259",1.4,54621
F9,Frontier Airlines,2015,December,12,4,"17,971","21,836",1.22,56608.65
F9,Frontier Airlines,2016,January,1,1,"16,090","16,379",1.02,50683.5
F9,Frontier Airlines,2016,February,2,1,"15,129","14,841",0.98,47656.35
F9,Frontier Airlines,2016,March,3,1,"16,323","17,564",1.08,51417.45
F9,Frontier Airlines,2016,April,4,2,"15,999","18,692",1.17,50396.85
F9,Frontier Airlines,2016,May,5,2,"17,171","22,417",1.31,54088.65
F9,Frontier Airlines,2016,June,6,2,"18,086","25,533",1.41,56970.9
F9,Frontier Airlines,2016,July,7,3,"20,523","28,848",1.41,64647.45
F9,Frontier Airlines,2016,August,8,3,"20,001","25,321",1.27,63003.15
F9,Frontier Airlines,2016,September,9,3,"19,196","26,120",1.36,60467.4
F9,Frontier Airlines,2016,October,10,4,"19,272","27,707",1.44,60706.8
F9,Frontier Airlines,2016,November,11,4,"18,590","26,067",1.4,58558.5
F9,Frontier Airlines,2016,December,12,4,"18,877","28,227",1.5,59462.55
F9,Frontier Airlines,2017,January,1,1,"18,867","29,532",1.57,59431.05
F9,Frontier Airlines,2017,February,2,1,"16,527","26,047",1.58,52060.05
F9,Frontier Airlines,2017,March,3,1,"18,790","28,766",1.53,59188.5
F9,Frontier Airlines,2017,April,4,2,"18,652","28,619",1.53,58753.8
F9,Frontier Airlines,2017,May,5,2,"20,112","29,205",1.45,63352.8
F9,Frontier Airlines,2017,June,6,2,"20,724","28,633",1.38,65280.6
F9,Frontier Airlines,2017,July,7,3,"22,293","31,190",1.4,70222.95
F9,Frontier Airlines,2017,August,8,3,"21,546","33,610",1.56,67869.9
F9,Frontier Airlines,2017,September,9,3,"19,608","34,493",1.76,61765.2
F9,Frontier Airlines,2017,October,10,4,"21,505","37,086",1.72,67740.75
F9,Frontier Airlines,2017,November,11,4,"21,040","37,425",1.78,66276
F9,Frontier Airlines,2017,December,12,4,"22,204","41,294",1.86,69942.6
F9,Frontier Airlines,2018,January,1,1,"22,206","43,580",1.96,69948.9
F9,Frontier Airlines,2018,February,2,1,"20,162","39,357",1.95,63510.3
F9,Frontier Airlines,2018,March,3,1,"21,438","40,487",1.89,67529.7
F9,Frontier Airlines,2018,April,4,2,"21,089","42,491",2.01,66430.35
F9,Frontier Airlines,2018,May,5,2,"22,315","48,951",2.19,70292.25
F9,Frontier Airlines,2018,June,6,2,"22,097","47,480",2.15,69605.55
F9,Frontier Airlines,2018,July,7,3,"22,420","43,221",1.93,70623
F9,Frontier Airlines,2018,August,8,3,"22,890","48,868",2.13,72103.5
F9,Frontier Airlines,2018,September,9,3,"21,151","45,982",2.17,66625.65
F9,Frontier Airlines,2018,October,10,4,"21,817","50,061",2.29,68723.55
F9,Frontier Airlines,2018,November,11,4,"21,313","45,350",2.13,67135.95
F9,Frontier Airlines,2018,December,12,4,"22,195","38,654",1.74,69914.25
F9,Frontier Airlines,2019,January,1,1,"21,842","37,663",1.72,68802.3
F9,Frontier Airlines,2019,February,2,1,"20,083","39,459",1.96,63261.45
F9,Frontier Airlines,2019,March,3,1,"22,140","42,894",1.94,69741
F9,Frontier Airlines,2019,April,4,2,"21,623","42,764",1.98,68112.45
F9,Frontier Airlines,2019,May,5,2,"24,592","46,690",1.9,77464.8
F9,Frontier Airlines,2019,June,6,2,"24,596","44,642",1.81,77477.4
F9,Frontier Airlines,2019,July,7,3,"26,677","50,399",1.89,84032.55
F9,Frontier Airlines,2019,August,8,3,"26,033","47,370",1.82,82003.95
F9,Frontier Airlines,2019,September,9,3,"24,189","45,457",1.88,76195.35
F9,Frontier Airlines,2019,October,10,4,"25,880","49,865",1.93,81522
F9,Frontier Airlines,2019,November,11,4,"25,263","47,574",1.88,79578.45
F9,Frontier Airlines,2019,December,12,4,"25,593","48,743",1.9,80617.95
HA,Hawaiian Airlines,2010,January,1,1,"11,501","23,971",2.08,36228.15
HA,Hawaiian Airlines,2010,February,2,1,"10,014","20,512",2.05,31544.1
HA,Hawaiian Airlines,2010,March,3,1,"10,935","22,535",2.06,34445.25
HA,Hawaiian Airlines,2010,April,4,2,"10,879","23,852",2.19,34268.85
HA,Hawaiian Airlines,2010,May,5,2,"11,205","25,159",2.25,35295.75
HA,Hawaiian Airlines,2010,June,6,2,"11,974","25,846",2.16,37718.1
HA,Hawaiian Airlines,2010,July,7,3,"13,110","28,173",2.15,41296.5
HA,Hawaiian Airlines,2010,August,8,3,"13,047","27,931",2.14,41098.05
HA,Hawaiian Airlines,2010,September,9,3,"11,212","24,191",2.16,35317.8
HA,Hawaiian Airlines,2010,October,10,4,"11,587","25,917",2.24,36499.05
HA,Hawaiian Airlines,2010,November,11,4,"11,574","27,102",2.34,36458.1
HA,Hawaiian Airlines,2010,December,12,4,"13,292","32,510",2.45,41869.8
HA,Hawaiian Airlines,2011,January,1,1,"13,113","33,539",2.56,41305.95
HA,Hawaiian Airlines,2011,February,2,1,"11,863","32,439",2.73,37368.45
HA,Hawaiian Airlines,2011,March,3,1,"13,200","39,270",2.97,41580
HA,Hawaiian Airlines,2011,April,4,2,"12,883","41,586",3.23,40581.45
HA,Hawaiian Airlines,2011,May,5,2,"13,852","45,892",3.31,43633.8
HA,Hawaiian Airlines,2011,June,6,2,"13,682","42,923",3.14,43098.3
HA,Hawaiian Airlines,2011,July,7,3,"14,692","45,473",3.1,46279.8
HA,Hawaiian Airlines,2011,August,8,3,"14,692","44,965",3.06,46279.8
HA,Hawaiian Airlines,2011,September,9,3,"13,395","40,984",3.06,42194.25
HA,Hawaiian Airlines,2011,October,10,4,"13,764","41,107",2.99,43356.6
HA,Hawaiian Airlines,2011,November,11,4,"13,796","42,747",3.1,43457.4
HA,Hawaiian Airlines,2011,December,12,4,"14,466","43,838",3.03,45567.9
HA,Hawaiian Airlines,2012,January,1,1,"14,584","44,314",3.04,45939.6
HA,Hawaiian Airlines,2012,February,2,1,"13,464","42,085",3.13,42411.6
HA,Hawaiian Airlines,2012,March,3,1,"14,990","49,486",3.3,47218.5
HA,Hawaiian Airlines,2012,April,4,2,"14,592","48,090",3.3,45964.8
HA,Hawaiian Airlines,2012,May,5,2,"15,778","49,696",3.15,49700.7
HA,Hawaiian Airlines,2012,June,6,2,"16,867","47,935",2.84,53131.05
HA,Hawaiian Airlines,2012,July,7,3,"18,444","50,696",2.75,58098.6
HA,Hawaiian Airlines,2012,August,8,3,"18,536","54,514",2.94,58388.4
HA,Hawaiian Airlines,2012,September,9,3,"17,345","54,954",3.17,54636.75
HA,Hawaiian Airlines,2012,October,10,4,"18,021","57,881",3.21,56766.15
HA,Hawaiian Airlines,2012,November,11,4,"17,611","55,137",3.13,55474.65
HA,Hawaiian Airlines,2012,December,12,4,"18,698","57,046",3.05,58898.7
HA,Hawaiian Airlines,2013,January,1,1,"18,197","55,662",3.06,57320.55
HA,Hawaiian Airlines,2013,February,2,1,"16,585","53,090",3.2,52242.75
HA,Hawaiian Airlines,2013,March,3,1,"19,026","60,665",3.19,59931.9
HA,Hawaiian Airlines,2013,April,4,2,"18,161","54,846",3.02,57207.15
HA,Hawaiian Airlines,2013,May,5,2,"19,069","54,646",2.87,60067.35
HA,Hawaiian Airlines,2013,June,6,2,"19,147","54,260",2.83,60313.05
HA,Hawaiian Airlines,2013,July,7,3,"20,657","60,116",2.91,65069.55
HA,Hawaiian Airlines,2013,August,8,3,"19,828","59,297",2.99,62458.2
HA,Hawaiian Airlines,2013,September,9,3,"18,600","56,960",3.06,58590
HA,Hawaiian Airlines,2013,October,10,4,"18,799","56,571",3.01,59216.85
HA,Hawaiian Airlines,2013,November,11,4,"18,258","54,495",2.98,57512.7
HA,Hawaiian Airlines,2013,December,12,4,"19,256","58,375",3.03,60656.4
HA,Hawaiian Airlines,2014,January,1,1,"19,031","58,342",3.07,59947.65
HA,Hawaiian Airlines,2014,February,2,1,"17,089","51,120",2.99,53830.35
HA,Hawaiian Airlines,2014,March,3,1,"18,813","56,121",2.98,59260.95
HA,Hawaiian Airlines,2014,April,4,2,"17,936","52,882",2.95,56498.4
HA,Hawaiian Airlines,2014,May,5,2,"19,318","57,749",2.99,60851.7
HA,Hawaiian Airlines,2014,June,6,2,"19,570","57,999",2.96,61645.5
HA,Hawaiian Airlines,2014,July,7,3,"20,745","61,466",2.96,65346.75
HA,Hawaiian Airlines,2014,August,8,3,"20,645","60,408",2.93,65031.75
HA,Hawaiian Airlines,2014,September,9,3,"18,676","53,553",2.87,58829.4
HA,Hawaiian Airlines,2014,October,10,4,"18,969","51,350",2.71,59752.35
HA,Hawaiian Airlines,2014,November,11,4,"18,701","47,525",2.54,58908.15
HA,Hawaiian Airlines,2014,December,12,4,"19,981","45,952",2.3,62940.15
HA,Hawaiian Airlines,2015,January,1,1,"19,733","38,115",1.93,62158.95
HA,Hawaiian Airlines,2015,February,2,1,"17,712","31,694",1.79,55792.8
HA,Hawaiian Airlines,2015,March,3,1,"19,272","36,606",1.9,60706.8
HA,Hawaiian Airlines,2015,April,4,2,"18,208","31,635",1.74,57355.2
HA,Hawaiian Airlines,2015,May,5,2,"19,512","37,502",1.92,61462.8
HA,Hawaiian Airlines,2015,June,6,2,"20,005","38,212",1.91,63015.75
HA,Hawaiian Airlines,2015,July,7,3,"21,077","37,592",1.78,66392.55
HA,Hawaiian Airlines,2015,August,8,3,"21,083","34,437",1.63,66411.45
HA,Hawaiian Airlines,2015,September,9,3,"18,945","29,381",1.55,59676.75
HA,Hawaiian Airlines,2015,October,10,4,"19,344","29,696",1.54,60933.6
HA,Hawaiian Airlines,2015,November,11,4,"18,645","27,562",1.48,58731.75
HA,Hawaiian Airlines,2015,December,12,4,"19,863","26,962",1.36,62568.45
HA,Hawaiian Airlines,2016,January,1,1,"19,941","23,205",1.16,62814.15
HA,Hawaiian Airlines,2016,February,2,1,"18,181","20,030",1.1,57270.15
HA,Hawaiian Airlines,2016,March,3,1,"19,708","23,027",1.17,62080.2
HA,Hawaiian Airlines,2016,April,4,2,"18,933","23,224",1.23,59638.95
HA,Hawaiian Airlines,2016,May,5,2,"19,669","26,367",1.34,61957.35
HA,Hawaiian Airlines,2016,June,6,2,"21,096","30,957",1.47,66452.4
HA,Hawaiian Airlines,2016,July,7,3,"22,419","32,228",1.44,70619.85
HA,Hawaiian Airlines,2016,August,8,3,"22,331","29,981",1.34,70342.65
HA,Hawaiian Airlines,2016,September,9,3,"20,077","28,050",1.4,63242.55
HA,Hawaiian Airlines,2016,October,10,4,"20,340","29,931",1.47,64071
HA,Hawaiian Airlines,2016,November,11,4,"19,528","28,522",1.46,61513.2
HA,Hawaiian Airlines,2016,December,12,4,"21,593","33,032",1.53,68017.95
HA,Hawaiian Airlines,2017,January,1,1,"21,489","34,700",1.61,67690.35
HA,Hawaiian Airlines,2017,February,2,1,"18,921","30,774",1.63,59601.15
HA,Hawaiian Airlines,2017,March,3,1,"21,308","33,935",1.59,67120.2
HA,Hawaiian Airlines,2017,April,4,2,"20,593","32,612",1.58,64867.95
HA,Hawaiian Airlines,2017,May,5,2,"21,577","32,841",1.52,67967.55
HA,Hawaiian Airlines,2017,June,6,2,"22,337","33,070",1.48,70361.55
HA,Hawaiian Airlines,2017,July,7,3,"22,876","33,778",1.48,72059.4
HA,Hawaiian Airlines,2017,August,8,3,"22,817","35,895",1.57,71873.55
HA,Hawaiian Airlines,2017,September,9,3,"21,411","35,679",1.67,67444.65
HA,Hawaiian Airlines,2017,October,10,4,"22,020","37,697",1.71,69363
HA,Hawaiian Airlines,2017,November,11,4,"21,545","38,722",1.8,67866.75
HA,Hawaiian Airlines,2017,December,12,4,"22,820","42,287",1.85,71883
HA,Hawaiian Airlines,2018,January,1,1,"22,421","44,097",1.97,70626.15
HA,Hawaiian Airlines,2018,February,2,1,"20,028","39,765",1.99,63088.2
HA,Hawaiian Airlines,2018,March,3,1,"22,810","44,671",1.96,71851.5
HA,Hawaiian Airlines,2018,April,4,2,"22,268","45,797",2.06,70144.2
HA,Hawaiian Airlines,2018,May,5,2,"23,035","50,445",2.19,72560.25
HA,Hawaiian Airlines,2018,June,6,2,"23,318","51,026",2.19,73451.7
HA,Hawaiian Airlines,2018,July,7,3,"24,096","52,047",2.16,75902.4
HA,Hawaiian Airlines,2018,August,8,3,"24,813","53,534",2.16,78160.95
HA,Hawaiian Airlines,2018,September,9,3,"23,130","51,386",2.22,72859.5
HA,Hawaiian Airlines,2018,October,10,4,"22,790","53,225",2.34,71788.5
HA,Hawaiian Airlines,2018,November,11,4,"21,690","47,711",2.2,68323.5
HA,Hawaiian Airlines,2018,December,12,4,"23,110","43,375",1.88,72796.5
HA,Hawaiian Airlines,2019,January,1,1,"22,604","39,950",1.77,71202.6
HA,Hawaiian Airlines,2019,February,2,1,"19,951","37,668",1.89,62845.65
HA,Hawaiian Airlines,2019,March,3,1,"21,943","43,417",1.98,69120.45
HA,Hawaiian Airlines,2019,April,4,2,"22,034","44,830",2.03,69407.1
HA,Hawaiian Airlines,2019,May,5,2,"22,906","48,008",2.1,72153.9
HA,Hawaiian Airlines,2019,June,6,2,"22,338","42,539",1.9,70364.7
HA,Hawaiian Airlines,2019,July,7,3,"23,281","45,057",1.94,73335.15
HA,Hawaiian Airlines,2019,August,8,3,"23,729","44,963",1.89,74746.35
HA,Hawaiian Airlines,2019,September,9,3,"22,563","42,840",1.9,71073.45
HA,Hawaiian Airlines,2019,October,10,4,"22,629","43,504",1.92,71281.35
HA,Hawaiian Airlines,2019,November,11,4,"21,710","41,695",1.92,68386.5
HA,Hawaiian Airlines,2019,December,12,4,"23,834","46,002",1.93,75077.1
B6,JetBlue Airways,2010,January,1,1,"38,996","86,281",2.21,122837.4
B6,JetBlue Airways,2010,February,2,1,"35,310","76,005",2.15,111226.5
B6,JetBlue Airways,2010,March,3,1,"42,012","92,207",2.19,132337.8
B6,JetBlue Airways,2010,April,4,2,"40,383","93,652",2.32,127206.45
B6,JetBlue Airways,2010,May,5,2,"39,425","93,445",2.37,124188.75
B6,JetBlue Airways,2010,June,6,2,"41,328","91,767",2.22,130183.2
B6,JetBlue Airways,2010,July,7,3,"45,147","101,498",2.25,142213.05
B6,JetBlue Airways,2010,August,8,3,"44,972","103,016",2.29,141661.8
B6,JetBlue Airways,2010,September,9,3,"38,929","87,653",2.25,122626.35
B6,JetBlue Airways,2010,October,10,4,"40,024","93,932",2.35,126075.6
B6,JetBlue Airways,2010,November,11,4,"39,524","94,966",2.4,124500.6
B6,JetBlue Airways,2010,December,12,4,"40,365","100,955",2.5,127149.75
B6,JetBlue Airways,2011,January,1,1,"38,175","103,530",2.71,120251.25
B6,JetBlue Airways,2011,February,2,1,"37,361","108,490",2.9,117687.15
B6,JetBlue Airways,2011,March,3,1,"44,344","140,770",3.17,139683.6
B6,JetBlue Airways,2011,April,4,2,"43,940","145,206",3.3,138411
B6,JetBlue Airways,2011,May,5,2,"43,459","145,787",3.35,136895.85
B6,JetBlue Airways,2011,June,6,2,"45,434","148,555",3.27,143117.1
B6,JetBlue Airways,2011,July,7,3,"50,267","162,978",3.24,158341.05
B6,JetBlue Airways,2011,August,8,3,"47,532","154,582",3.25,149725.8
B6,JetBlue Airways,2011,September,9,3,"41,910","136,201",3.25,132016.5
B6,JetBlue Airways,2011,October,10,4,"42,699","132,519",3.1,134501.85
B6,JetBlue Airways,2011,November,11,4,"42,766","138,264",3.23,134712.9
B6,JetBlue Airways,2011,December,12,4,"46,898","146,724",3.13,147728.7
B6,JetBlue Airways,2012,January,1,1,"43,496","137,009",3.15,137012.4
B6,JetBlue Airways,2012,February,2,1,"42,021","136,236",3.24,132366.15
B6,JetBlue Airways,2012,March,3,1,"47,844","159,676",3.34,150708.6
B6,JetBlue Airways,2012,April,4,2,"46,736","157,718",3.37,147218.4
B6,JetBlue Airways,2012,May,5,2,"45,528","149,110",3.28,143413.2
B6,JetBlue Airways,2012,June,6,2,"47,692","143,483",3.01,150229.8
B6,JetBlue Airways,2012,July,7,3,"53,331","161,015",3.02,167992.65
B6,JetBlue Airways,2012,August,8,3,"53,475","171,097",3.2,168446.25
B6,JetBlue Airways,2012,September,9,3,"44,785","148,578",3.32,141072.75
B6,JetBlue Airways,2012,October,10,4,"42,947","140,509",3.27,135283.05
B6,JetBlue Airways,2012,November,11,4,"45,704","145,231",3.18,143967.6
B6,JetBlue Airways,2012,December,12,4,"49,725","156,534",3.15,156633.75
B6,JetBlue Airways,2013,January,1,1,"48,052","155,595",3.24,151363.8
B6,JetBlue Airways,2013,February,2,1,"42,709","144,928",3.39,134533.35
B6,JetBlue Airways,2013,March,3,1,"51,429","166,876",3.24,162001.35
B6,JetBlue Airways,2013,April,4,2,"50,440","158,422",3.14,158886
B6,JetBlue Airways,2013,May,5,2,"49,519","149,271",3.01,155984.85
B6,JetBlue Airways,2013,June,6,2,"51,895","157,260",3.03,163469.25
B6,JetBlue Airways,2013,July,7,3,"57,221","175,878",3.07,180246.15
B6,JetBlue Airways,2013,August,8,3,"57,078","179,457",3.14,179795.7
B6,JetBlue Airways,2013,September,9,3,"45,427","145,534",3.2,143095.05
B6,JetBlue Airways,2013,October,10,4,"47,276","145,919",3.09,148919.4
B6,JetBlue Airways,2013,November,11,4,"48,082","147,227",3.06,151458.3
B6,JetBlue Airways,2013,December,12,4,"54,981","172,684",3.14,173190.15
B6,JetBlue Airways,2014,January,1,1,"47,997","150,456",3.13,151190.55
B6,JetBlue Airways,2014,February,2,1,"45,771","144,052",3.15,144178.65
B6,JetBlue Airways,2014,March,3,1,"53,870","169,341",3.14,169690.5
B6,JetBlue Airways,2014,April,4,2,"53,278","164,152",3.08,167825.7
B6,JetBlue Airways,2014,May,5,2,"53,214","165,148",3.1,167624.1
B6,JetBlue Airways,2014,June,6,2,"54,544","167,957",3.08,171813.6
B6,JetBlue Airways,2014,July,7,3,"60,007","183,942",3.07,189022.05
B6,JetBlue Airways,2014,August,8,3,"60,450","185,661",3.07,190417.5
B6,JetBlue Airways,2014,September,9,3,"48,281","148,438",3.07,152085.15
B6,JetBlue Airways,2014,October,10,4,"51,160","145,653",2.85,161154
B6,JetBlue Airways,2014,November,11,4,"51,684","142,059",2.75,162804.6
B6,JetBlue Airways,2014,December,12,4,"58,486","148,063",2.53,184230.9
B6,JetBlue Airways,2015,January,1,1,"54,866","110,873",2.02,172827.9
B6,JetBlue Airways,2015,February,2,1,"49,578","101,212",2.04,156170.7
B6,JetBlue Airways,2015,March,3,1,"58,065","122,734",2.11,182904.75
B6,JetBlue Airways,2015,April,4,2,"57,363","115,638",2.02,180693.45
B6,JetBlue Airways,2015,May,5,2,"57,258","127,249",2.22,180362.7
B6,JetBlue Airways,2015,June,6,2,"59,382","128,458",2.16,187053.3
B6,JetBlue Airways,2015,July,7,3,"65,375","128,314",1.96,205931.25
B6,JetBlue Airways,2015,August,8,3,"64,951","117,103",1.8,204595.65
B6,JetBlue Airways,2015,September,9,3,"54,624","96,082",1.76,172065.6
B6,JetBlue Airways,2015,October,10,4,"56,571","98,608",1.74,178198.65
B6,JetBlue Airways,2015,November,11,4,"56,858","98,779",1.74,179102.7
B6,JetBlue Airways,2015,December,12,4,"64,385","101,008",1.57,202812.75
B6,JetBlue Airways,2016,January,1,1,"60,556","70,372",1.16,190751.4
B6,JetBlue Airways,2016,February,2,1,"58,093","66,146",1.14,182992.95
B6,JetBlue Airways,2016,March,3,1,"64,312","77,694",1.21,202582.8
B6,JetBlue Airways,2016,April,4,2,"62,353","79,189",1.27,196411.95
B6,JetBlue Airways,2016,May,5,2,"63,485","91,584",1.44,199977.75
B6,JetBlue Airways,2016,June,6,2,"65,262","102,808",1.58,205575.3
B6,JetBlue Airways,2016,July,7,3,"69,441","105,517",1.52,218739.15
B6,JetBlue Airways,2016,August,8,3,"69,363","98,328",1.42,218493.45
B6,JetBlue Airways,2016,September,9,3,"59,152","88,691",1.5,186328.8
B6,JetBlue Airways,2016,October,10,4,"59,997","92,216",1.54,188990.55
B6,JetBlue Airways,2016,November,11,4,"60,116","92,638",1.54,189365.4
B6,JetBlue Airways,2016,December,12,4,"66,675","106,084",1.59,210026.25
B6,JetBlue Airways,2017,January,1,1,"65,240","110,130",1.69,205506
B6,JetBlue Airways,2017,February,2,1,"58,332","99,547",1.71,183745.8
B6,JetBlue Airways,2017,March,3,1,"67,269","112,893",1.68,211897.35
B6,JetBlue Airways,2017,April,4,2,"66,755","111,404",1.67,210278.25
B6,JetBlue Airways,2017,May,5,2,"66,783","107,305",1.61,210366.45
B6,JetBlue Airways,2017,June,6,2,"68,337","106,337",1.56,215261.55
B6,JetBlue Airways,2017,July,7,3,"73,699","115,032",1.56,232151.85
B6,JetBlue Airways,2017,August,8,3,"72,954","123,839",1.7,229805.1
B6,JetBlue Airways,2017,September,9,3,"58,105","108,014",1.86,183030.75
B6,JetBlue Airways,2017,October,10,4,"63,720","117,321",1.84,200718
B6,JetBlue Airways,2017,November,11,4,"62,822","117,891",1.88,197889.3
B6,JetBlue Airways,2017,December,12,4,"67,877","132,929",1.96,213812.55
B6,JetBlue Airways,2018,January,1,1,"66,878","142,005",2.12,210665.7
B6,JetBlue Airways,2018,February,2,1,"62,749","132,599",2.11,197659.35
B6,JetBlue Airways,2018,March,3,1,"69,583","142,201",2.04,219186.45
B6,JetBlue Airways,2018,April,4,2,"70,478","153,254",2.17,222005.7
B6,JetBlue Airways,2018,May,5,2,"72,692","169,992",2.34,228979.8
B6,JetBlue Airways,2018,June,6,2,"72,082","167,870",2.33,227058.3
B6,JetBlue Airways,2018,July,7,3,"76,881","176,856",2.3,242175.15
B6,JetBlue Airways,2018,August,8,3,"76,718","176,610",2.3,241661.7
B6,JetBlue Airways,2018,September,9,3,"68,763","161,306",2.35,216603.45
B6,JetBlue Airways,2018,October,10,4,"69,231","169,571",2.45,218077.65
B6,JetBlue Airways,2018,November,11,4,"68,905","158,336",2.3,217050.75
B6,JetBlue Airways,2018,December,12,4,"74,133","148,471",2,233518.95
B6,JetBlue Airways,2019,January,1,1,"70,408","137,194",1.95,221785.2
B6,JetBlue Airways,2019,February,2,1,"66,425","136,975",2.06,209238.75
B6,JetBlue Airways,2019,March,3,1,"76,392","162,914",2.13,240634.8
B6,JetBlue Airways,2019,April,4,2,"75,177","162,566",2.16,236807.55
B6,JetBlue Airways,2019,May,5,2,"74,539","167,297",2.24,234797.85
B6,JetBlue Airways,2019,June,6,2,"74,781","154,413",2.06,235560.15
B6,JetBlue Airways,2019,July,7,3,"79,777","167,226",2.1,251297.55
B6,JetBlue Airways,2019,August,8,3,"79,759","163,627",2.05,251240.85
B6,JetBlue Airways,2019,September,9,3,"69,035","140,195",2.03,217460.25
B6,JetBlue Airways,2019,October,10,4,"71,709","147,708",2.06,225883.35
B6,JetBlue Airways,2019,November,11,4,"71,249","147,492",2.07,224434.35
B6,JetBlue Airways,2019,December,12,4,"76,220","159,546",2.09,240093
OO,SkyWest Airlines,2010,January,1,1,"9,090","23,077",2.54,28633.5
OO,SkyWest Airlines,2010,February,2,1,"9,087","22,265",2.45,28624.05
OO,SkyWest Airlines,2010,March,3,1,"10,531","26,725",2.54,33172.65
OO,SkyWest Airlines,2010,April,4,2,"10,296","27,363",2.66,32432.4
OO,SkyWest Airlines,2010,May,5,2,"10,340","26,752",2.59,32571
OO,SkyWest Airlines,2010,June,6,2,"10,937","27,424",2.51,34451.55
OO,SkyWest Airlines,2010,July,7,3,"11,331","28,219",2.49,35692.65
OO,SkyWest Airlines,2010,August,8,3,"11,120","28,776",2.59,35028
OO,SkyWest Airlines,2010,September,9,3,"9,890","25,306",2.56,31153.5
OO,SkyWest Airlines,2010,October,10,4,"10,119","26,932",2.66,31874.85
OO,SkyWest Airlines,2010,November,11,4,"9,313","25,676",2.76,29335.95
OO,SkyWest Airlines,2010,December,12,4,"9,528","27,791",2.92,30013.2
OO,SkyWest Airlines,2011,January,1,1,"9,401","28,686",3.05,29613.15
OO,SkyWest Airlines,2011,February,2,1,"9,528","27,000",2.83,30013.2
OO,SkyWest Airlines,2011,March,3,1,"9,756","35,011",3.59,30731.4
OO,SkyWest Airlines,2011,April,4,2,"9,470","35,309",3.73,29830.5
OO,SkyWest Airlines,2011,May,5,2,"10,304","37,677",3.66,32457.6
OO,SkyWest Airlines,2011,June,6,2,"10,560","37,764",3.58,33264
OO,SkyWest Airlines,2011,July,7,3,"11,230","39,010",3.47,35374.5
OO,SkyWest Airlines,2011,August,8,3,"10,824","38,065",3.52,34095.6
OO,SkyWest Airlines,2011,September,9,3,"9,702","33,830",3.49,30561.3
OO,SkyWest Airlines,2011,October,10,4,"9,580","32,584",3.4,30177
OO,SkyWest Airlines,2011,November,11,4,"8,992","31,893",3.55,28324.8
OO,SkyWest Airlines,2011,December,12,4,"9,564","32,777",3.43,30126.6
OO,SkyWest Airlines,2012,January,1,1,"8,836","31,083",3.52,27833.4
OO,SkyWest Airlines,2012,February,2,1,"8,422","30,833",3.66,26529.3
OO,SkyWest Airlines,2012,March,3,1,"9,514","35,675",3.75,29969.1
OO,SkyWest Airlines,2012,April,4,2,"8,920","32,554",3.65,28098
OO,SkyWest Airlines,2012,May,5,2,"9,702","34,255",3.53,30561.3
OO,SkyWest Airlines,2012,June,6,2,"10,118","32,592",3.22,31871.7
OO,SkyWest Airlines,2012,July,7,3,"6,623","22,453",3.39,20862.45
OO,SkyWest Airlines,2012,August,8,3,"4,750","18,090",3.81,14962.5
OO,SkyWest Airlines,2012,September,9,3,"4,858","18,640",3.84,15302.7
OO,SkyWest Airlines,2012,October,10,4,"3,845","14,936",3.88,12111.75
OO,SkyWest Airlines,2012,November,11,4,"3,857","14,515",3.76,12149.55
OO,SkyWest Airlines,2012,December,12,4,"3,992","15,053",3.77,12574.8
OO,SkyWest Airlines,2013,January,1,1,"3,618","13,618",3.76,11396.7
OO,SkyWest Airlines,2013,February,2,1,"3,262","13,214",4.05,10275.3
OO,SkyWest Airlines,2013,March,3,1,"3,592","13,757",3.83,11314.8
OO,SkyWest Airlines,2013,April,4,2,"3,552","12,996",3.66,11188.8
OO,SkyWest Airlines,2013,May,5,2,"3,643","13,004",3.57,11475.45
OO,SkyWest Airlines,2013,June,6,2,"3,793","13,099",3.45,11947.95
OO,SkyWest Airlines,2013,July,7,3,"4,087","14,092",3.45,12874.05
OO,SkyWest Airlines,2013,August,8,3,"4,054","14,193",3.5,12770.1
OO,SkyWest Airlines,2013,September,9,3,"3,673","13,040",3.55,11569.95
OO,SkyWest Airlines,2013,October,10,4,"3,748","13,082",3.49,11806.2
OO,SkyWest Airlines,2013,November,11,4,"3,637","12,713",3.49,11456.55
OO,SkyWest Airlines,2013,December,12,4,"3,980","13,872",3.49,12537
OO,SkyWest Airlines,2014,January,1,1,"3,826","13,373",3.5,12051.9
OO,SkyWest Airlines,2014,February,2,1,"3,525","12,408",3.52,11103.75
OO,SkyWest Airlines,2014,March,3,1,"4,217","14,611",3.46,13283.55
OO,SkyWest Airlines,2014,April,4,2,"4,545","15,623",3.44,14316.75
OO,SkyWest Airlines,2014,May,5,2,"5,003","17,461",3.49,15759.45
OO,SkyWest Airlines,2014,June,6,2,"5,063","17,915",3.54,15948.45
OO,SkyWest Airlines,2014,July,7,3,"4,869","16,304",3.35,15337.35
OO,SkyWest Airlines,2014,August,8,3,"4,594","15,974",3.48,14471.1
OO,SkyWest Airlines,2014,September,9,3,"4,255","14,508",3.41,13403.25
OO,SkyWest Airlines,2014,October,10,4,"4,479","13,850",3.09,14108.85
OO,SkyWest Airlines,2014,November,11,4,"3,968","11,854",2.99,12499.2
OO,SkyWest Airlines,2014,December,12,4,"4,339","11,271",2.6,13667.85
OO,SkyWest Airlines,2015,January,1,1,"4,129","8,970",2.17,13006.35
OO,SkyWest Airlines,2015,February,2,1,"3,726","8,198",2.2,11736.9
OO,SkyWest Airlines,2015,March,3,1,"4,114","9,230",2.24,12959.1
OO,SkyWest Airlines,2015,April,4,2,"4,221","9,038",2.14,13296.15
OO,SkyWest Airlines,2015,May,5,2,"4,400","10,861",2.47,13860
OO,SkyWest Airlines,2015,June,6,2,"4,387","10,365",2.36,13819.05
OO,SkyWest Airlines,2015,July,7,3,"5,077","11,266",2.22,15992.55
OO,SkyWest Airlines,2015,August,8,3,"5,152","10,273",1.99,16228.8
OO,SkyWest Airlines,2015,September,9,3,"5,250","9,366",1.78,16537.5
OO,SkyWest Airlines,2015,October,10,4,"4,711","9,706",2.06,14839.65
OO,SkyWest Airlines,2015,November,11,4,"4,927","9,216",1.87,15520.05
OO,SkyWest Airlines,2015,December,12,4,"5,241","8,347",1.59,16509.15
OO,SkyWest Airlines,2016,January,1,1,"5,445","8,161",1.5,17151.75
OO,SkyWest Airlines,2016,February,2,1,"5,288","7,861",1.49,16657.2
OO,SkyWest Airlines,2016,March,3,1,"6,068","8,768",1.44,19114.2
OO,SkyWest Airlines,2016,April,4,2,"6,079","9,365",1.54,19148.85
OO,SkyWest Airlines,2016,May,5,2,"6,375","10,830",1.7,20081.25
OO,SkyWest Airlines,2016,June,6,2,"6,377","11,480",1.8,20087.55
OO,SkyWest Airlines,2016,July,7,3,"6,490","11,648",1.79,20443.5
OO,SkyWest Airlines,2016,August,8,3,"6,549","11,535",1.76,20629.35
OO,SkyWest Airlines,2016,September,9,3,"5,644","8,966",1.59,17778.6
OO,SkyWest Airlines,2016,October,10,4,"5,715","10,322",1.81,18002.25
OO,SkyWest Airlines,2016,November,11,4,"5,342","9,644",1.81,16827.3
OO,SkyWest Airlines,2016,December,12,4,"5,655","10,848",1.92,17813.25
OO,SkyWest Airlines,2017,January,1,1,"5,631","11,006",1.95,17737.65
OO,SkyWest Airlines,2017,February,2,1,"5,229","10,372",1.98,16471.35
OO,SkyWest Airlines,2017,March,3,1,"6,327","12,209",1.93,19930.05
OO,SkyWest Airlines,2017,April,4,2,"6,298","12,295",1.95,19838.7
OO,SkyWest Airlines,2017,May,5,2,"6,493","12,279",1.89,20452.95
OO,SkyWest Airlines,2017,June,6,2,"6,696","11,959",1.79,21092.4
OO,SkyWest Airlines,2017,July,7,3,"6,864","12,687",1.85,21621.6
OO,SkyWest Airlines,2017,August,8,3,"6,940","13,771",1.98,21861
OO,SkyWest Airlines,2017,September,9,3,"7,302","15,464",2.12,23001.3
OO,SkyWest Airlines,2017,October,10,4,"7,732","16,346",2.11,24355.8
OO,SkyWest Airlines,2017,November,11,4,"7,368","16,037",2.18,23209.2
OO,SkyWest Airlines,2017,December,12,4,"7,379","16,612",2.25,23243.85
OO,SkyWest Airlines,2018,January,1,1,"7,719","18,509",2.4,24314.85
OO,SkyWest Airlines,2018,February,2,1,"7,207","16,861",2.34,22702.05
OO,SkyWest Airlines,2018,March,3,1,"8,110","18,507",2.28,25546.5
OO,SkyWest Airlines,2018,April,4,2,"7,897","18,718",2.37,24875.55
OO,SkyWest Airlines,2018,May,5,2,"8,258","21,499",2.6,26012.7
OO,SkyWest Airlines,2018,June,6,2,"8,108","20,727",2.56,25540.2
OO,SkyWest Airlines,2018,July,7,3,"8,254","20,895",2.53,26000.1
OO,SkyWest Airlines,2018,August,8,3,"8,455","21,656",2.56,26633.25
OO,SkyWest Airlines,2018,September,9,3,"8,232","21,211",2.58,25930.8
OO,SkyWest Airlines,2018,October,10,4,"8,642","23,651",2.74,27222.3
OO,SkyWest Airlines,2018,November,11,4,"8,304","21,469",2.59,26157.6
OO,SkyWest Airlines,2018,December,12,4,"8,478","19,096",2.25,26705.7
OO,SkyWest Airlines,2019,January,1,1,"8,150","17,780",2.18,25672.5
OO,SkyWest Airlines,2019,February,2,1,"7,503","17,050",2.27,23634.45
OO,SkyWest Airlines,2019,March,3,1,"8,559","20,654",2.41,26960.85
OO,SkyWest Airlines,2019,April,4,2,"8,263","20,297",2.46,26028.45
OO,SkyWest Airlines,2019,May,5,2,"8,838","22,437",2.54,27839.7
OO,SkyWest Airlines,2019,June,6,2,"8,915","20,779",2.33,28082.25
OO,SkyWest Airlines,2019,July,7,3,"9,566","21,469",2.24,30132.9
OO,SkyWest Airlines,2019,August,8,3,"8,791","21,267",2.42,27691.65
OO,SkyWest Airlines,2019,September,9,3,"8,835","20,314",2.3,27830.25
OO,SkyWest Airlines,2019,October,10,4,"9,278","21,936",2.36,29225.7
OO,SkyWest Airlines,2019,November,11,4,"8,528","19,832",2.33,26863.2
OO,SkyWest Airlines,2019,December,12,4,"8,960","21,638",2.41,28224
WN,Southwest Airlines,2010,January,1,1,"110,707","263,646",2.38,348727.05
WN,Southwest Airlines,2010,February,2,1,"98,385","232,684",2.37,309912.75
WN,Southwest Airlines,2010,March,3,1,"120,122","285,021",2.37,378384.3
WN,Southwest Airlines,2010,April,4,2,"119,272","286,486",2.4,375706.8
WN,Southwest Airlines,2010,May,5,2,"125,546","310,942",2.48,395469.9
WN,Southwest Airlines,2010,June,6,2,"126,930","294,300",2.32,399829.5
WN,Southwest Airlines,2010,July,7,3,"130,299","302,289",2.32,410441.85
WN,Southwest Airlines,2010,August,8,3,"126,992","302,269",2.38,400024.8
WN,Southwest Airlines,2010,September,9,3,"117,235","278,409",2.37,369290.25
WN,Southwest Airlines,2010,October,10,4,"122,422","294,790",2.41,385629.3
WN,Southwest Airlines,2010,November,11,4,"118,223","290,225",2.45,372402.45
WN,Southwest Airlines,2010,December,12,4,"120,570","313,448",2.6,379795.5
WN,Southwest Airlines,2011,January,1,1,"118,506","311,076",2.62,373293.9
WN,Southwest Airlines,2011,February,2,1,"106,882","286,083",2.68,336678.3
WN,Southwest Airlines,2011,March,3,1,"130,243","388,635",2.98,410265.45
WN,Southwest Airlines,2011,April,4,2,"128,067","405,490",3.17,403411.05
WN,Southwest Airlines,2011,May,5,2,"131,070","422,417",3.22,412870.5
WN,Southwest Airlines,2011,June,6,2,"134,089","429,056",3.2,422380.35
WN,Southwest Airlines,2011,July,7,3,"137,211","418,218",3.05,432214.65
WN,Southwest Airlines,2011,August,8,3,"131,446","415,625",3.16,414054.9
WN,Southwest Airlines,2011,September,9,3,"121,107","405,860",3.35,381487.05
WN,Southwest Airlines,2011,October,10,4,"126,966","393,304",3.1,399942.9
WN,Southwest Airlines,2011,November,11,4,"119,129","380,345",3.19,375256.35
WN,Southwest Airlines,2011,December,12,4,"122,167","400,801",3.28,384826.05
WN,Southwest Airlines,2012,January,1,1,"116,468","376,354",3.23,366874.2
WN,Southwest Airlines,2012,February,2,1,"112,991","379,447",3.36,355921.65
WN,Southwest Airlines,2012,March,3,1,"130,906","423,754",3.24,412353.9
WN,Southwest Airlines,2012,April,4,2,"156,948","517,147",3.3,494386.2
WN,Southwest Airlines,2012,May,5,2,"162,973","510,931",3.14,513364.95
WN,Southwest Airlines,2012,June,6,2,"164,822","487,157",2.96,519189.3
WN,Southwest Airlines,2012,July,7,3,"170,893","498,512",2.92,538312.95
WN,Southwest Airlines,2012,August,8,3,"162,458","497,717",3.06,511742.7
WN,Southwest Airlines,2012,September,9,3,"144,274","474,627",3.29,454463.1
WN,Southwest Airlines,2012,October,10,4,"151,149","512,450",3.39,476119.35
WN,Southwest Airlines,2012,November,11,4,"143,927","456,390",3.17,453370.05
WN,Southwest Airlines,2012,December,12,4,"148,598","479,859",3.23,468083.7
WN,Southwest Airlines,2013,January,1,1,"140,581","444,847",3.16,442830.15
WN,Southwest Airlines,2013,February,2,1,"130,977","440,516",3.36,412577.55
WN,Southwest Airlines,2013,March,3,1,"160,607","516,869",3.22,505912.05
WN,Southwest Airlines,2013,April,4,2,"156,689","463,022",2.96,493570.35
WN,Southwest Airlines,2013,May,5,2,"159,365","480,724",3.02,501999.75
WN,Southwest Airlines,2013,June,6,2,"162,156","467,340",2.88,510791.4
WN,Southwest Airlines,2013,July,7,3,"167,115","488,562",2.92,526412.25
WN,Southwest Airlines,2013,August,8,3,"157,428","468,336",2.97,495898.2
WN,Southwest Airlines,2013,September,9,3,"141,434","435,749",3.08,445517.1
WN,Southwest Airlines,2013,October,10,4,"149,773","444,989",2.97,471784.95
WN,Southwest Airlines,2013,November,11,4,"140,998","418,427",2.97,444143.7
WN,Southwest Airlines,2013,December,12,4,"151,369","448,512",2.96,476812.35
WN,Southwest Airlines,2014,January,1,1,"135,525","399,403",2.95,426903.75
WN,Southwest Airlines,2014,February,2,1,"127,528","383,879",3.01,401713.2
WN,Southwest Airlines,2014,March,3,1,"159,341","475,165",2.98,501924.15
WN,Southwest Airlines,2014,April,4,2,"153,184","449,062",2.93,482529.6
WN,Southwest Airlines,2014,May,5,2,"155,040","456,766",2.95,488376
WN,Southwest Airlines,2014,June,6,2,"161,153","463,254",2.87,507631.95
WN,Southwest Airlines,2014,July,7,3,"167,846","484,935",2.89,528714.9
WN,Southwest Airlines,2014,August,8,3,"154,944","443,872",2.86,488073.6
WN,Southwest Airlines,2014,September,9,3,"142,797","404,105",2.83,449810.55
WN,Southwest Airlines,2014,October,10,4,"149,286","395,409",2.65,470250.9
WN,Southwest Airlines,2014,November,11,4,"147,219","366,725",2.49,463739.85
WN,Southwest Airlines,2014,December,12,4,"146,834","350,417",2.39,462527.1
WN,Southwest Airlines,2015,January,1,1,"143,199","278,641",1.95,451076.85
WN,Southwest Airlines,2015,February,2,1,"128,293","247,634",1.93,404122.95
WN,Southwest Airlines,2015,March,3,1,"162,791","306,044",1.88,512791.65
WN,Southwest Airlines,2015,April,4,2,"160,305","294,147",1.83,504960.75
WN,Southwest Airlines,2015,May,5,2,"163,419","329,110",2.01,514769.85
WN,Southwest Airlines,2015,June,6,2,"168,906","332,387",1.97,532053.9
WN,Southwest Airlines,2015,July,7,3,"177,607","337,287",1.9,559462.05
WN,Southwest Airlines,2015,August,8,3,"164,849","289,834",1.76,519274.35
WN,Southwest Airlines,2015,September,9,3,"150,845","260,708",1.73,475161.75
WN,Southwest Airlines,2015,October,10,4,"157,972","257,752",1.63,497611.8
WN,Southwest Airlines,2015,November,11,4,"158,790","255,554",1.61,500188.5
WN,Southwest Airlines,2015,December,12,4,"163,761","239,223",1.46,515847.15
WN,Southwest Airlines,2016,January,1,1,"154,182","277,287",1.8,485673.3
WN,Southwest Airlines,2016,February,2,1,"145,494","252,888",1.74,458306.1
WN,Southwest Airlines,2016,March,3,1,"172,388","283,544",1.64,543022.2
WN,Southwest Airlines,2016,April,4,2,"165,867","262,365",1.58,522481.05
WN,Southwest Airlines,2016,May,5,2,"170,080","285,224",1.68,535752
WN,Southwest Airlines,2016,June,6,2,"176,999","310,304",1.75,557546.85
WN,Southwest Airlines,2016,July,7,3,"181,275","318,785",1.76,571016.25
WN,Southwest Airlines,2016,August,8,3,"171,759","295,569",1.72,541040.85
WN,Southwest Airlines,2016,September,9,3,"159,490","282,938",1.77,502393.5
WN,Southwest Airlines,2016,October,10,4,"164,348","299,839",1.82,517696.2
WN,Southwest Airlines,2016,November,11,4,"163,801","298,110",1.82,515973.15
WN,Southwest Airlines,2016,December,12,4,"170,252","312,431",1.84,536293.8
WN,Southwest Airlines,2017,January,1,1,"163,465","290,811",1.78,514914.75
WN,Southwest Airlines,2017,February,2,1,"146,059","269,082",1.84,460085.85
WN,Southwest Airlines,2017,March,3,1,"177,694","319,283",1.8,559736.1
WN,Southwest Airlines,2017,April,4,2,"176,070","319,190",1.81,554620.5
WN,Southwest Airlines,2017,May,5,2,"176,525","313,284",1.77,556053.75
WN,Southwest Airlines,2017,June,6,2,"182,619","308,375",1.69,575249.85
WN,Southwest Airlines,2017,July,7,3,"188,673","319,611",1.69,594319.95
WN,Southwest Airlines,2017,August,8,3,"178,305","326,729",1.83,561660.75
WN,Southwest Airlines,2017,September,9,3,"154,403","302,643",1.96,486369.45
WN,Southwest Airlines,2017,October,10,4,"165,801","320,963",1.94,522273.15
WN,Southwest Airlines,2017,November,11,4,"165,467","327,536",1.98,521221.05
WN,Southwest Airlines,2017,December,12,4,"169,466","329,539",1.94,533817.9
WN,Southwest Airlines,2018,January,1,1,"162,973","319,314",1.96,513364.95
WN,Southwest Airlines,2018,February,2,1,"146,855","295,452",2.01,462593.25
WN,Southwest Airlines,2018,March,3,1,"179,276","351,123",1.96,564719.4
WN,Southwest Airlines,2018,April,4,2,"176,451","353,689",2,555820.65
WN,Southwest Airlines,2018,May,5,2,"181,645","385,341",2.12,572181.75
WN,Southwest Airlines,2018,June,6,2,"184,788","402,316",2.18,582082.2
WN,Southwest Airlines,2018,July,7,3,"191,804","408,793",2.13,604182.6
WN,Southwest Airlines,2018,August,8,3,"179,272","389,067",2.17,564706.8
WN,Southwest Airlines,2018,September,9,3,"163,979","351,889",2.15,516533.85
WN,Southwest Airlines,2018,October,10,4,"176,692","389,707",2.21,556579.8
WN,Southwest Airlines,2018,November,11,4,"174,941","391,766",2.24,551064.15
WN,Southwest Airlines,2018,December,12,4,"175,645","357,070",2.03,553281.75
WN,Southwest Airlines,2019,January,1,1,"164,667","315,329",1.91,518701.05
WN,Southwest Airlines,2019,February,2,1,"148,568","293,363",1.97,467989.2
WN,Southwest Airlines,2019,March,3,1,"180,169","358,985",1.99,567532.35
WN,Southwest Airlines,2019,April,4,2,"173,333","348,144",2.01,545998.95
WN,Southwest Airlines,2019,May,5,2,"179,821","377,963",2.1,566436.15
WN,Southwest Airlines,2019,June,6,2,"179,030","357,769",2,563944.5
WN,Southwest Airlines,2019,July,7,3,"184,999","368,234",1.99,582746.85
WN,Southwest Airlines,2019,August,8,3,"176,921","346,717",1.96,557301.15
WN,Southwest Airlines,2019,September,9,3,"162,399","319,394",1.97,511556.85
WN,Southwest Airlines,2019,October,10,4,"176,367","349,198",1.98,555556.05
WN,Southwest Airlines,2019,November,11,4,"170,521","341,317",2,537141.15
WN,Southwest Airlines,2019,December,12,4,"179,723","364,234",2.03,566127.45
NK,Spirit Air Lines,2010,January,1,1,"8,035","21,040",2.62,25310.25
NK,Spirit Air Lines,2010,February,2,1,"7,299","13,573",1.86,22991.85
NK,Spirit Air Lines,2010,March,3,1,"8,865","19,243",2.17,27924.75
NK,Spirit Air Lines,2010,April,4,2,"8,771","19,642",2.24,27628.65
NK,Spirit Air Lines,2010,May,5,2,"8,927","24,747",2.77,28120.05
NK,Spirit Air Lines,2010,June,6,2,"7,267","16,306",2.24,22891.05
NK,Spirit Air Lines,2010,July,7,3,"10,076","21,761",2.16,31739.4
NK,Spirit Air Lines,2010,August,8,3,"9,899","25,601",2.59,31181.85
NK,Spirit Air Lines,2010,September,9,3,"8,816","16,203",1.84,27770.4
NK,Spirit Air Lines,2010,October,10,4,"9,233","23,296",2.52,29083.95
NK,Spirit Air Lines,2010,November,11,4,"9,507","23,004",2.42,29947.05
NK,Spirit Air Lines,2010,December,12,4,"9,933","23,747",2.39,31288.95
NK,Spirit Air Lines,2011,January,1,1,"9,388","24,012",2.56,29572.2
NK,Spirit Air Lines,2011,February,2,1,"8,345","23,177",2.78,26286.75
NK,Spirit Air Lines,2011,March,3,1,"8,345","23,177",2.78,26286.75
NK,Spirit Air Lines,2011,April,4,2,"10,404","35,539",3.42,32772.6
NK,Spirit Air Lines,2011,May,5,2,"10,519","36,753",3.49,33134.85
NK,Spirit Air Lines,2011,June,6,2,"10,341","35,030",3.39,32574.15
NK,Spirit Air Lines,2011,July,7,3,"11,426","37,689",3.3,35991.9
NK,Spirit Air Lines,2011,August,8,3,"11,084","35,785",3.23,34914.6
NK,Spirit Air Lines,2011,September,9,3,"9,130","31,510",3.45,28759.5
NK,Spirit Air Lines,2011,October,10,4,"9,451","27,652",2.93,29770.65
NK,Spirit Air Lines,2011,November,11,4,"9,772","32,732",3.35,30781.8
NK,Spirit Air Lines,2011,December,12,4,"10,729","34,565",3.22,33796.35
NK,Spirit Air Lines,2012,January,1,1,"10,410","32,736",3.14,32791.5
NK,Spirit Air Lines,2012,February,2,1,"10,187","33,612",3.3,32089.05
NK,Spirit Air Lines,2012,March,3,1,"12,133","42,377",3.49,38218.95
NK,Spirit Air Lines,2012,April,4,2,"11,811","41,254",3.49,37204.65
NK,Spirit Air Lines,2012,May,5,2,"11,878","43,156",3.63,37415.7
NK,Spirit Air Lines,2012,June,6,2,"12,140","35,823",2.95,38241
NK,Spirit Air Lines,2012,July,7,3,"13,331","39,449",2.96,41992.65
NK,Spirit Air Lines,2012,August,8,3,"13,140","42,257",3.22,41391
NK,Spirit Air Lines,2012,September,9,3,"11,290","40,281",3.57,35563.5
NK,Spirit Air Lines,2012,October,10,4,"11,453","39,797",3.47,36076.95
NK,Spirit Air Lines,2012,November,11,4,"12,147","38,925",3.2,38263.05
NK,Spirit Air Lines,2012,December,12,4,"13,070","42,066",3.22,41170.5
NK,Spirit Air Lines,2013,January,1,1,"12,696","41,991",3.31,39992.4
NK,Spirit Air Lines,2013,February,2,1,"11,917","41,564",3.49,37538.55
NK,Spirit Air Lines,2013,March,3,1,"14,015","48,110",3.43,44147.25
NK,Spirit Air Lines,2013,April,4,2,"13,666","46,362",3.39,43047.9
NK,Spirit Air Lines,2013,May,5,2,"14,324","44,506",3.11,45120.6
NK,Spirit Air Lines,2013,June,6,2,"14,693","44,385",3.02,46282.95
NK,Spirit Air Lines,2013,July,7,3,"15,951","48,894",3.07,50245.65
NK,Spirit Air Lines,2013,August,8,3,"15,709","49,109",3.13,49483.35
NK,Spirit Air Lines,2013,September,9,3,"13,862","46,983",3.39,43665.3
NK,Spirit Air Lines,2013,October,10,4,"14,337","43,855",3.06,45161.55
NK,Spirit Air Lines,2013,November,11,4,"14,992","45,766",3.05,47224.8
NK,Spirit Air Lines,2013,December,12,4,"15,768","50,223",3.19,49669.2
NK,Spirit Air Lines,2014,January,1,1,"15,903","50,724",3.19,50094.45
NK,Spirit Air Lines,2014,February,2,1,"14,389","45,845",3.19,45325.35
NK,Spirit Air Lines,2014,March,3,1,"16,385","51,903",3.17,51612.75
NK,Spirit Air Lines,2014,April,4,2,"15,925","49,678",3.12,50163.75
NK,Spirit Air Lines,2014,May,5,2,"16,784","52,571",3.13,52869.6
NK,Spirit Air Lines,2014,June,6,2,"16,692","52,603",3.15,52579.8
NK,Spirit Air Lines,2014,July,7,3,"17,316","54,172",3.13,54545.4
NK,Spirit Air Lines,2014,August,8,3,"18,059","67,342",3.73,56885.85
NK,Spirit Air Lines,2014,September,9,3,"16,311","50,063",3.07,51379.65
NK,Spirit Air Lines,2014,October,10,4,"16,943","47,034",2.78,53370.45
NK,Spirit Air Lines,2014,November,11,4,"17,566","46,836",2.67,55332.9
NK,Spirit Air Lines,2014,December,12,4,"18,223","44,027",2.42,57402.45
NK,Spirit Air Lines,2015,January,1,1,"19,041","38,304",2.01,59979.15
NK,Spirit Air Lines,2015,February,2,1,"17,590","28,831",1.64,55408.5
NK,Spirit Air Lines,2015,March,3,1,"20,093","45,290",2.25,63292.95
NK,Spirit Air Lines,2015,April,4,2,"20,332","36,495",1.79,64045.8
NK,Spirit Air Lines,2015,May,5,2,"21,819","47,929",2.2,68729.85
NK,Spirit Air Lines,2015,June,6,2,"20,923","43,091",2.06,65907.45
NK,Spirit Air Lines,2015,July,7,3,"22,618","42,300",1.87,71246.7
NK,Spirit Air Lines,2015,August,8,3,"23,634","39,375",1.67,74447.1
NK,Spirit Air Lines,2015,September,9,3,"21,431","34,218",1.6,67507.65
NK,Spirit Air Lines,2015,October,10,4,"21,955","35,805",1.63,69158.25
NK,Spirit Air Lines,2015,November,11,4,"22,066","35,333",1.6,69507.9
NK,Spirit Air Lines,2015,December,12,4,"22,447","34,077",1.52,70708.05
NK,Spirit Air Lines,2016,January,1,1,"23,517","29,254",1.24,74078.55
NK,Spirit Air Lines,2016,February,2,1,"21,981","25,893",1.18,69240.15
NK,Spirit Air Lines,2016,March,3,1,"20,051","30,834",1.54,63160.65
NK,Spirit Air Lines,2016,April,4,2,"24,715","32,468",1.31,77852.25
NK,Spirit Air Lines,2016,May,5,2,"26,414","39,436",1.49,83204.1
NK,Spirit Air Lines,2016,June,6,2,"25,884","41,287",1.6,81534.6
NK,Spirit Air Lines,2016,July,7,3,"26,510","42,443",1.6,83506.5
NK,Spirit Air Lines,2016,August,8,3,"27,159","40,968",1.51,85550.85
NK,Spirit Air Lines,2016,September,9,3,"24,619","38,433",1.56,77549.85
NK,Spirit Air Lines,2016,October,10,4,"24,718","41,067",1.66,77861.7
NK,Spirit Air Lines,2016,November,11,4,"25,214","39,656",1.57,79424.1
NK,Spirit Air Lines,2016,December,12,4,"26,998","45,812",1.7,85043.7
NK,Spirit Air Lines,2017,January,1,1,"26,627","46,027",1.73,83875.05
NK,Spirit Air Lines,2017,February,2,1,"24,596","45,333",1.84,77477.4
NK,Spirit Air Lines,2017,March,3,1,"27,841","48,421",1.74,87699.15
NK,Spirit Air Lines,2017,April,4,2,"27,726","48,152",1.74,87336.9
NK,Spirit Air Lines,2017,May,5,2,"28,240","46,221",1.64,88956
NK,Spirit Air Lines,2017,June,6,2,"30,742","47,920",1.56,96837.3
NK,Spirit Air Lines,2017,July,7,3,"31,994","50,680",1.58,100781.1
NK,Spirit Air Lines,2017,August,8,3,"32,149","56,710",1.76,101269.35
NK,Spirit Air Lines,2017,September,9,3,"26,132","50,910",1.95,82315.8
NK,Spirit Air Lines,2017,October,10,4,"29,292","55,850",1.91,92269.8
NK,Spirit Air Lines,2017,November,11,4,"29,149","57,270",1.96,91819.35
NK,Spirit Air Lines,2017,December,12,4,"30,398","62,085",2.04,95753.7
NK,Spirit Air Lines,2018,January,1,1,"31,610","69,563",2.2,99571.5
NK,Spirit Air Lines,2018,February,2,1,"29,760","64,842",2.18,93744
NK,Spirit Air Lines,2018,March,3,1,"33,633","70,241",2.09,105943.95
NK,Spirit Air Lines,2018,April,4,2,"33,992","74,290",2.19,107074.8
NK,Spirit Air Lines,2018,May,5,2,"35,522","84,672",2.38,111894.3
NK,Spirit Air Lines,2018,June,6,2,"36,630","87,218",2.38,115384.5
NK,Spirit Air Lines,2018,July,7,3,"38,797","91,322",2.35,122210.55
NK,Spirit Air Lines,2018,August,8,3,"38,982","91,481",2.35,122793.3
NK,Spirit Air Lines,2018,September,9,3,"31,826","76,016",2.39,100251.9
NK,Spirit Air Lines,2018,October,10,4,"31,720","79,410",2.5,99918
NK,Spirit Air Lines,2018,November,11,4,"33,984","78,409",2.31,107049.6
NK,Spirit Air Lines,2018,December,12,4,"35,891","71,861",2,113056.65
NK,Spirit Air Lines,2019,January,1,1,"35,863","71,242",1.99,112968.45
NK,Spirit Air Lines,2019,February,2,1,"33,591","71,408",2.13,105811.65
NK,Spirit Air Lines,2019,March,3,1,"40,375","86,986",2.15,127181.25
NK,Spirit Air Lines,2019,April,4,2,"38,671","85,020",2.2,121813.65
NK,Spirit Air Lines,2019,May,5,2,"42,123","94,758",2.25,132687.45
NK,Spirit Air Lines,2019,June,6,2,"41,652","85,227",2.05,131203.8
NK,Spirit Air Lines,2019,July,7,3,"43,349","91,576",2.11,136549.35
NK,Spirit Air Lines,2019,August,8,3,"42,825","88,844",2.07,134898.75
NK,Spirit Air Lines,2019,September,9,3,"35,899","73,427",2.05,113081.85
NK,Spirit Air Lines,2019,October,10,4,"37,763","79,878",2.12,118953.45
NK,Spirit Air Lines,2019,November,11,4,"38,789","80,509",2.08,122185.35
NK,Spirit Air Lines,2019,December,12,4,"40,038","84,602",2.11,126119.7
UA,United Air Lines,2010,January,1,1,"150,840","318,439",2.11,475146
UA,United Air Lines,2010,February,2,1,"132,847","277,446",2.09,418468.05
UA,United Air Lines,2010,March,3,1,"158,736","339,115",2.14,500018.4
UA,United Air Lines,2010,April,4,2,"155,224","347,198",2.24,488955.6
UA,United Air Lines,2010,May,5,2,"169,233","384,506",2.27,533083.95
UA,United Air Lines,2010,June,6,2,"170,942","371,902",2.18,538467.3
UA,United Air Lines,2010,July,7,3,"179,158","387,712",2.16,564347.7
UA,United Air Lines,2010,August,8,3,"177,446","383,844",2.16,558954.9
UA,United Air Lines,2010,September,9,3,"162,831","356,475",2.19,512917.65
UA,United Air Lines,2010,October,10,4,"167,022","377,249",2.26,526119.3
UA,United Air Lines,2010,November,11,4,"152,228","360,888",2.37,479518.2
UA,United Air Lines,2010,December,12,4,"157,421","390,729",2.48,495876.15
UA,United Air Lines,2011,January,1,1,"151,945","394,057",2.59,478626.75
UA,United Air Lines,2011,February,2,1,"135,990","370,658",2.73,428368.5
UA,United Air Lines,2011,March,3,1,"158,168","490,092",3.1,498229.2
UA,United Air Lines,2011,April,4,2,"156,979","512,507",3.26,494483.85
UA,United Air Lines,2011,May,5,2,"162,034","534,419",3.3,510407.1
UA,United Air Lines,2011,June,6,2,"167,656","507,522",3.03,528116.4
UA,United Air Lines,2011,July,7,3,"176,677","555,241",3.14,556532.55
UA,United Air Lines,2011,August,8,3,"173,370","544,007",3.14,546115.5
UA,United Air Lines,2011,September,9,3,"155,282","485,732",3.13,489138.3
UA,United Air Lines,2011,October,10,4,"157,864","481,714",3.05,497271.6
UA,United Air Lines,2011,November,11,4,"139,922","431,260",3.08,440754.3
UA,United Air Lines,2011,December,12,4,"147,367","459,617",3.12,464206.05
UA,United Air Lines,2012,January,1,1,"259,449","795,882",3.07,817264.35
UA,United Air Lines,2012,February,2,1,"248,130","780,385",3.15,781609.5
UA,United Air Lines,2012,March,3,1,"280,902","930,950",3.31,884841.3
UA,United Air Lines,2012,April,4,2,"269,085","888,045",3.3,847617.75
UA,United Air Lines,2012,May,5,2,"286,390","912,376",3.19,902128.5
UA,United Air Lines,2012,June,6,2,"291,939","853,840",2.92,919607.85
UA,United Air Lines,2012,July,7,3,"304,693","860,676",2.82,959782.95
UA,United Air Lines,2012,August,8,3,"298,745","905,586",3.03,941046.75
UA,United Air Lines,2012,September,9,3,"265,474","862,263",3.25,836243.1
UA,United Air Lines,2012,October,10,4,"263,099","849,876",3.23,828761.85
UA,United Air Lines,2012,November,11,4,"241,568","754,158",3.12,760939.2
UA,United Air Lines,2012,December,12,4,"257,339","789,201",3.07,810617.85
UA,United Air Lines,2013,January,1,1,"253,566","787,791",3.11,798732.9
UA,United Air Lines,2013,February,2,1,"226,843","733,540",3.23,714555.45
UA,United Air Lines,2013,March,3,1,"266,700","852,764",3.2,840105
UA,United Air Lines,2013,April,4,2,"262,757","784,225",2.98,827684.55
UA,United Air Lines,2013,May,5,2,"277,543","786,146",2.83,874260.45
UA,United Air Lines,2013,June,6,2,"284,796","801,098",2.81,897107.4
UA,United Air Lines,2013,July,7,3,"294,567","856,356",2.91,927886.05
UA,United Air Lines,2013,August,8,3,"292,745","872,728",2.98,922146.75
UA,United Air Lines,2013,September,9,3,"262,272","802,394",3.06,826156.8
UA,United Air Lines,2013,October,10,4,"268,679","801,471",2.98,846338.85
UA,United Air Lines,2013,November,11,4,"248,373","732,026",2.95,782374.95
UA,United Air Lines,2013,December,12,4,"257,601","770,831",2.99,811443.15
UA,United Air Lines,2014,January,1,1,"246,576","747,869",3.03,776714.4
UA,United Air Lines,2014,February,2,1,"225,968","680,980",3.01,711799.2
UA,United Air Lines,2014,March,3,1,"271,563","816,224",3.01,855423.45
UA,United Air Lines,2014,April,4,2,"256,079","762,266",2.98,806648.85
UA,United Air Lines,2014,May,5,2,"278,506","827,216",2.97,877293.9
UA,United Air Lines,2014,June,6,2,"285,323","842,080",2.95,898767.45
UA,United Air Lines,2014,July,7,3,"296,160","870,890",2.94,932904
UA,United Air Lines,2014,August,8,3,"288,381","841,512",2.92,908400.15
UA,United Air Lines,2014,September,9,3,"258,477","727,465",2.81,814202.55
UA,United Air Lines,2014,October,10,4,"267,043","710,896",2.66,841185.45
UA,United Air Lines,2014,November,11,4,"241,433","600,034",2.49,760513.95
UA,United Air Lines,2014,December,12,4,"255,982","571,002",2.23,806343.3
UA,United Air Lines,2015,January,1,1,"244,263","445,172",1.82,769428.45
UA,United Air Lines,2015,February,2,1,"220,812","378,918",1.72,695557.8
UA,United Air Lines,2015,March,3,1,"266,845","490,362",1.84,840561.75
UA,United Air Lines,2015,April,4,2,"259,652","455,857",1.76,817903.8
UA,United Air Lines,2015,May,5,2,"279,542","536,654",1.92,880557.3
UA,United Air Lines,2015,June,6,2,"289,144","549,648",1.9,910803.6
UA,United Air Lines,2015,July,7,3,"302,246","535,870",1.77,952074.9
UA,United Air Lines,2015,August,8,3,"294,612","466,182",1.58,928027.8
UA,United Air Lines,2015,September,9,3,"260,371","387,582",1.49,820168.65
UA,United Air Lines,2015,October,10,4,"269,235","401,141",1.49,848090.25
UA,United Air Lines,2015,November,11,4,"246,236","345,205",1.4,775643.4
UA,United Air Lines,2015,December,12,4,"262,330","349,939",1.33,826339.5
UA,United Air Lines,2016,January,1,1,"238,772","275,699",1.15,752131.8
UA,United Air Lines,2016,February,2,1,"227,342","240,320",1.06,716127.3
UA,United Air Lines,2016,March,3,1,"263,638","295,890",1.12,830459.7
UA,United Air Lines,2016,April,4,2,"255,793","305,499",1.19,805747.95
UA,United Air Lines,2016,May,5,2,"279,863","368,473",1.32,881568.45
UA,United Air Lines,2016,June,6,2,"292,031","419,743",1.44,919897.65
UA,United Air Lines,2016,July,7,3,"308,403","443,291",1.44,971469.45
UA,United Air Lines,2016,August,8,3,"302,741","409,930",1.35,953634.15
UA,United Air Lines,2016,September,9,3,"272,772","380,223",1.39,859231.8
UA,United Air Lines,2016,October,10,4,"276,721","406,106",1.47,871671.15
UA,United Air Lines,2016,November,11,4,"250,713","367,528",1.47,789745.95
UA,United Air Lines,2016,December,12,4,"271,428","411,647",1.52,854998.2
UA,United Air Lines,2017,January,1,1,"253,274","409,730",1.62,797813.1
UA,United Air Lines,2017,February,2,1,"228,765","372,731",1.63,720609.75
UA,United Air Lines,2017,March,3,1,"273,111","438,687",1.61,860299.65
UA,United Air Lines,2017,April,4,2,"267,597","425,294",1.59,842930.55
UA,United Air Lines,2017,May,5,2,"290,061","445,260",1.54,913692.15
UA,United Air Lines,2017,June,6,2,"305,311","450,277",1.47,961729.65
UA,United Air Lines,2017,July,7,3,"320,382","469,265",1.46,1009203.3
UA,United Air Lines,2017,August,8,3,"309,523","490,161",1.58,974997.45
UA,United Air Lines,2017,September,9,3,"274,026","474,566",1.73,863181.9
UA,United Air Lines,2017,October,10,4,"280,856","494,543",1.76,884696.4
UA,United Air Lines,2017,November,11,4,"259,627","469,515",1.81,817825.05
UA,United Air Lines,2017,December,12,4,"273,222","512,556",1.88,860649.3
UA,United Air Lines,2018,January,1,1,"254,781","505,600",1.98,802560.15
UA,United Air Lines,2018,February,2,1,"234,320","473,014",2.02,738108
UA,United Air Lines,2018,March,3,1,"278,100","548,004",1.97,876015
UA,United Air Lines,2018,April,4,2,"277,021","567,162",2.05,872616.15
UA,United Air Lines,2018,May,5,2,"295,445","645,395",2.18,930651.75
UA,United Air Lines,2018,June,6,2,"310,146","684,459",2.21,976959.9
UA,United Air Lines,2018,July,7,3,"325,157","706,858",2.17,1024244.55
UA,United Air Lines,2018,August,8,3,"317,525","691,160",2.18,1000203.75
UA,United Air Lines,2018,September,9,3,"283,753","631,116",2.22,893821.95
UA,United Air Lines,2018,October,10,4,"294,658","683,937",2.32,928172.7
UA,United Air Lines,2018,November,11,4,"272,229","613,869",2.25,857521.35
UA,United Air Lines,2018,December,12,4,"287,442","566,889",1.97,905442.3
UA,United Air Lines,2019,January,1,1,"268,840","498,358",1.85,846846
UA,United Air Lines,2019,February,2,1,"243,621","470,782",1.93,767406.15
UA,United Air Lines,2019,March,3,1,"296,835","595,687",2.01,935030.25
UA,United Air Lines,2019,April,4,2,"288,151","589,803",2.05,907675.65
UA,United Air Lines,2019,May,5,2,"308,455","651,678",2.11,971633.25
UA,United Air Lines,2019,June,6,2,"319,404","626,521",1.96,1006122.6
UA,United Air Lines,2019,July,7,3,"328,107","643,380",1.96,1033537.05
UA,United Air Lines,2019,August,8,3,"323,291","623,762",1.93,1018366.65
UA,United Air Lines,2019,September,9,3,"291,262","558,379",1.92,917475.3
UA,United Air Lines,2019,October,10,4,"300,879","593,124",1.97,947768.85
UA,United Air Lines,2019,November,11,4,"280,112","552,814",1.97,882352.8
UA,United Air Lines,2019,December,12,4,"299,522","590,879",1.97,943494.3
